Timestamp,Open,High,Low,Close,Volume
2023-10-26 00:00:00,34738.0,34787.0,34734.0,34757.0,1.0712094
2023-10-26 00:01:00,34775.0,34800.0,34775.0,34783.0,0.11594288
2023-10-26 00:02:00,34767.0,34773.0,34767.0,34773.0,0.03604261
2023-10-26 00:03:00,34796.0,34805.0,34796.0,34805.0,0.00584596
2023-10-26 00:04:00,34790.0,34807.0,34790.0,34790.0,8.405174
2023-10-26 00:05:00,34775.0,34775.0,34728.0,34732.0,1.18273248
2023-10-26 00:06:00,34727.0,34728.0,34669.0,34728.0,0.83032273
2023-10-26 00:07:00,34754.0,34793.0,34754.0,34793.0,0.08369205
2023-10-26 00:08:00,34800.0,34806.0,34782.0,34784.0,0.25358813
2023-10-26 00:09:00,34807.0,34826.0,34805.0,34826.0,3.47294673
2023-10-26 00:10:00,34791.0,34820.0,34791.0,34820.0,0.62995801
2023-10-26 00:11:00,34830.0,34834.0,34827.0,34827.0,1.15684211
2023-10-26 00:12:00,34834.0,34847.0,34834.0,34847.0,27.39777712
2023-10-26 00:13:00,34819.0,34829.0,34812.0,34820.0,0.0545054
2023-10-26 00:14:00,34814.0,34834.0,34813.0,34816.0,0.06710337
2023-10-26 00:15:00,34816.0,34816.0,34781.0,34784.0,4.97854154
2023-10-26 00:16:00,34783.0,34783.0,34761.0,34765.0,0.05276217
2023-10-26 00:17:00,34775.0,34792.0,34773.0,34792.0,0.21439852
2023-10-26 00:18:00,34796.0,34796.0,34776.0,34776.0,0.32492
2023-10-26 00:19:00,34782.0,34782.0,34769.0,34782.0,0.00675142
2023-10-26 00:20:00,34771.0,34790.0,34771.0,34773.0,0.25707572
2023-10-26 00:21:00,34770.0,34772.0,34750.0,34750.0,0.0182307
2023-10-26 00:22:00,34747.0,34772.0,34747.0,34759.0,0.34348052
2023-10-26 00:23:00,34770.0,34775.0,34770.0,34774.0,0.00806297
2023-10-26 00:24:00,34774.0,34785.0,34733.0,34733.0,1.97206136
2023-10-26 00:25:00,34732.0,34744.0,34723.0,34729.0,0.43720936
2023-10-26 00:26:00,34721.0,34721.0,34678.0,34687.0,0.18564737
2023-10-26 00:27:00,34697.0,34756.0,34689.0,34753.0,0.59054369
2023-10-26 00:28:00,34773.0,34776.0,34750.0,34750.0,0.10398259
2023-10-26 00:29:00,34754.0,34768.0,34753.0,34753.0,0.51232813
2023-10-26 00:30:00,34738.0,34738.0,34719.0,34719.0,0.10315894
2023-10-26 00:31:00,34751.0,34765.0,34751.0,34765.0,3.94522227
2023-10-26 00:32:00,34777.0,34792.0,34777.0,34786.0,0.15097422
2023-10-26 00:33:00,34786.0,34800.0,34786.0,34800.0,0.07088091
2023-10-26 00:34:00,34783.0,34783.0,34759.0,34759.0,0.17000273
2023-10-26 00:35:00,34763.0,34776.0,34760.0,34776.0,0.03703101
2023-10-26 00:36:00,34794.0,34794.0,34794.0,34794.0,0.00288909
2023-10-26 00:37:00,34779.0,34797.0,34779.0,34797.0,0.00815266
2023-10-26 00:38:00,34789.0,34803.0,34789.0,34801.0,0.86817343
2023-10-26 00:39:00,34798.0,34798.0,34798.0,34798.0,0.00170675
2023-10-26 00:40:00,34792.0,34797.0,34780.0,34797.0,0.2762391
2023-10-26 00:41:00,34799.0,34807.0,34786.0,34806.0,0.70278
2023-10-26 00:42:00,34807.0,34825.0,34807.0,34820.0,0.1598128
2023-10-26 00:43:00,34819.0,34830.0,34818.0,34820.0,0.51748971
2023-10-26 00:44:00,34823.0,34835.0,34820.0,34822.0,0.12179977
2023-10-26 00:45:00,34815.0,34815.0,34792.0,34792.0,0.12213667
2023-10-26 00:46:00,34800.0,34800.0,34785.0,34785.0,2.07606583
2023-10-26 00:47:00,34776.0,34776.0,34770.0,34770.0,0.12865
2023-10-26 00:48:00,34767.0,34767.0,34760.0,34760.0,0.02064037
2023-10-26 00:49:00,34763.0,34763.0,34746.0,34746.0,0.13896324
2023-10-26 00:50:00,34743.0,34746.0,34728.0,34736.0,0.77614732
2023-10-26 00:51:00,34736.0,34766.0,34736.0,34766.0,0.03820093
2023-10-26 00:52:00,34767.0,34767.0,34732.0,34732.0,0.01349631
2023-10-26 00:53:00,34729.0,34729.0,34693.0,34693.0,0.24873516
2023-10-26 00:54:00,34688.0,34688.0,34688.0,34688.0,0.00126
2023-10-26 00:55:00,34694.0,34694.0,34682.0,34683.0,0.02166
2023-10-26 00:56:00,34681.0,34695.0,34661.0,34661.0,0.1235223
2023-10-26 00:57:00,34654.0,34661.0,34626.0,34661.0,17.07364586
2023-10-26 00:58:00,34666.0,34685.0,34666.0,34684.0,0.6083731
2023-10-26 00:59:00,34687.0,34687.0,34678.0,34685.0,0.03304
2023-10-26 01:00:00,34678.0,34678.0,34650.0,34650.0,0.17525447
2023-10-26 01:01:00,34637.0,34675.0,34637.0,34673.0,1.99520195
2023-10-26 01:02:00,34666.0,34688.0,34663.0,34688.0,1.00761164
2023-10-26 01:03:00,34703.0,34703.0,34703.0,34703.0,0.00962955
2023-10-26 01:04:00,34709.0,34714.0,34709.0,34714.0,1.0
2023-10-26 01:05:00,34702.0,34723.0,34702.0,34723.0,0.02038722
2023-10-26 01:06:00,34726.0,34742.0,34722.0,34742.0,1.06092
2023-10-26 01:07:00,34735.0,34736.0,34735.0,34736.0,0.0064247
2023-10-26 01:08:00,34747.0,34747.0,34746.0,34746.0,0.00699245
2023-10-26 01:09:00,34741.0,34763.0,34741.0,34762.0,2.2573771
2023-10-26 01:10:00,34763.0,34763.0,34747.0,34747.0,0.65015831
2023-10-26 01:11:00,34749.0,34758.0,34749.0,34754.0,0.03238057
2023-10-26 01:12:00,34731.0,34731.0,34731.0,34731.0,0.01236
2023-10-26 01:13:00,34729.0,34729.0,34706.0,34706.0,0.05412784
2023-10-26 01:14:00,34701.0,34716.0,34699.0,34716.0,0.02323142
2023-10-26 01:15:00,34694.0,34698.0,34688.0,34688.0,0.01807609
2023-10-26 01:16:00,34710.0,34710.0,34710.0,34710.0,0.00111954
2023-10-26 01:17:00,34713.0,34740.0,34713.0,34740.0,1.84159991
2023-10-26 01:18:00,34744.0,34744.0,34737.0,34737.0,0.03054189
2023-10-26 01:19:00,34755.0,34755.0,34748.0,34748.0,0.01208919
2023-10-26 01:20:00,34748.0,34753.0,34744.0,34753.0,0.16712544
2023-10-26 01:21:00,34755.0,34755.0,34738.0,34739.0,0.15205914
2023-10-26 01:22:00,34735.0,34739.0,34734.0,34739.0,0.1
2023-10-26 01:23:00,34737.0,34744.0,34734.0,34738.0,0.01578717
2023-10-26 01:24:00,34741.0,34742.0,34741.0,34742.0,0.01555561
2023-10-26 01:25:00,34740.0,34745.0,34735.0,34740.0,0.05772766
2023-10-26 01:26:00,34740.0,34760.0,34740.0,34760.0,0.0089992
2023-10-26 01:27:00,34764.0,34767.0,34764.0,34767.0,0.06639364
2023-10-26 01:28:00,34767.0,34772.0,34763.0,34763.0,1.13486332
2023-10-26 01:29:00,34762.0,34762.0,34762.0,34762.0,0.00373
2023-10-26 01:30:00,34706.0,34708.0,34706.0,34707.0,0.01359768
2023-10-26 01:31:00,34706.0,34706.0,34706.0,34706.0,0.00827
2023-10-26 01:32:00,34709.0,34713.0,34709.0,34709.0,0.5911308
2023-10-26 01:33:00,34703.0,34703.0,34694.0,34694.0,0.05744073
2023-10-26 01:34:00,34694.0,34694.0,34633.0,34633.0,0.10210076
2023-10-26 01:35:00,34614.0,34614.0,34547.0,34603.0,32.39045629
2023-10-26 01:36:00,34614.0,34632.0,34614.0,34632.0,0.03305
2023-10-26 01:37:00,34630.0,34630.0,34580.0,34580.0,0.01143705
2023-10-26 01:38:00,34614.0,34614.0,34575.0,34575.0,0.168055
2023-10-26 01:39:00,34595.0,34596.0,34583.0,34585.0,0.01915297
2023-10-26 01:40:00,34586.0,34586.0,34543.0,34543.0,5.23349124
2023-10-26 01:41:00,34539.0,34545.0,34539.0,34545.0,0.68140472
2023-10-26 01:42:00,34547.0,34615.0,34547.0,34615.0,0.24049379
2023-10-26 01:43:00,34613.0,34615.0,34613.0,34615.0,0.01042
2023-10-26 01:44:00,34611.0,34611.0,34611.0,34611.0,0.06091277
2023-10-26 01:45:00,34609.0,34609.0,34608.0,34608.0,0.06075
2023-10-26 01:46:00,34595.0,34595.0,34574.0,34574.0,0.11118809
2023-10-26 01:47:00,34566.0,34566.0,34535.0,34558.0,2.98958358
2023-10-26 01:48:00,34577.0,34579.0,34577.0,34579.0,0.02950497
2023-10-26 01:49:00,34576.0,34576.0,34571.0,34571.0,0.00326286
2023-10-26 01:50:00,34570.0,34574.0,34570.0,34574.0,0.03463142
2023-10-26 01:51:00,34573.0,34580.0,34573.0,34579.0,0.05568374
2023-10-26 01:52:00,34581.0,34581.0,34575.0,34575.0,0.04781927
2023-10-26 01:53:00,34563.0,34565.0,34557.0,34565.0,0.00864675
2023-10-26 01:54:00,34550.0,34555.0,34549.0,34551.0,0.01192398
2023-10-26 01:55:00,34537.0,34566.0,34537.0,34563.0,0.06050571
2023-10-26 01:56:00,34600.0,34601.0,34600.0,34601.0,0.00667
2023-10-26 01:57:00,34578.0,34578.0,34574.0,34574.0,0.07472
2023-10-26 01:58:00,34573.0,34573.0,34573.0,34573.0,0.05512
2023-10-26 01:59:00,34573.0,34573.0,34559.0,34562.0,0.01630625
2023-10-26 02:00:00,34568.0,34568.0,34549.0,34549.0,0.03750839
2023-10-26 02:01:00,34537.0,34578.0,34500.0,34533.0,8.99402808
2023-10-26 02:02:00,34528.0,34588.0,34523.0,34588.0,0.66865438
2023-10-26 02:03:00,34567.0,34580.0,34564.0,34579.0,0.53864562
2023-10-26 02:04:00,34572.0,34575.0,34551.0,34558.0,0.03972324
2023-10-26 02:05:00,34547.0,34560.0,34539.0,34560.0,0.0309717
2023-10-26 02:06:00,34560.0,34572.0,34560.0,34572.0,0.09607751
2023-10-26 02:07:00,34572.0,34572.0,34522.0,34525.0,0.74540865
2023-10-26 02:08:00,34547.0,34557.0,34547.0,34557.0,0.0068
2023-10-26 02:09:00,34565.0,34565.0,34563.0,34564.0,0.01823515
2023-10-26 02:10:00,34564.0,34564.0,34564.0,34564.0,0.0
2023-10-26 02:11:00,34574.0,34599.0,34564.0,34599.0,0.42515074
2023-10-26 02:12:00,34599.0,34611.0,34596.0,34608.0,0.01649849
2023-10-26 02:13:00,34611.0,34618.0,34611.0,34611.0,0.02630527
2023-10-26 02:14:00,34603.0,34619.0,34603.0,34615.0,0.02200121
2023-10-26 02:15:00,34619.0,34645.0,34619.0,34645.0,0.0465782
2023-10-26 02:16:00,34646.0,34653.0,34646.0,34648.0,0.16541529
2023-10-26 02:17:00,34637.0,34637.0,34627.0,34627.0,0.03142
2023-10-26 02:18:00,34607.0,34614.0,34606.0,34606.0,0.95743315
2023-10-26 02:19:00,34644.0,34644.0,34633.0,34633.0,0.11276
2023-10-26 02:20:00,34639.0,34639.0,34608.0,34608.0,0.42375691
2023-10-26 02:21:00,34611.0,34627.0,34611.0,34627.0,0.20333858
2023-10-26 02:22:00,34648.0,34648.0,34636.0,34636.0,0.01809116
2023-10-26 02:23:00,34633.0,34636.0,34623.0,34624.0,0.18863209
2023-10-26 02:24:00,34624.0,34628.0,34612.0,34628.0,0.22581197
2023-10-26 02:25:00,34625.0,34626.0,34612.0,34626.0,1.1520027
2023-10-26 02:26:00,34627.0,34627.0,34612.0,34616.0,0.2432535
2023-10-26 02:27:00,34618.0,34621.0,34616.0,34621.0,0.01123
2023-10-26 02:28:00,34622.0,34627.0,34622.0,34625.0,0.06418137
2023-10-26 02:29:00,34628.0,34632.0,34628.0,34632.0,0.00723
2023-10-26 02:30:00,34641.0,34646.0,34641.0,34646.0,0.48965245
2023-10-26 02:31:00,34652.0,34659.0,34626.0,34626.0,0.22900257
2023-10-26 02:32:00,34619.0,34619.0,34607.0,34611.0,0.34189871
2023-10-26 02:33:00,34603.0,34629.0,34593.0,34629.0,2.1741233
2023-10-26 02:34:00,34632.0,34640.0,34625.0,34640.0,0.03515
2023-10-26 02:35:00,34621.0,34656.0,34621.0,34656.0,0.16836083
2023-10-26 02:36:00,34656.0,34656.0,34650.0,34650.0,0.05446849
2023-10-26 02:37:00,34662.0,34673.0,34653.0,34653.0,1.72851517
2023-10-26 02:38:00,34647.0,34647.0,34626.0,34626.0,0.3084327
2023-10-26 02:39:00,34617.0,34634.0,34604.0,34634.0,0.99070939
2023-10-26 02:40:00,34624.0,34636.0,34624.0,34636.0,0.00842
2023-10-26 02:41:00,34648.0,34648.0,34638.0,34638.0,0.00263746
2023-10-26 02:42:00,34649.0,34649.0,34639.0,34639.0,0.02122962
2023-10-26 02:43:00,34642.0,34645.0,34638.0,34645.0,0.07691478
2023-10-26 02:44:00,34641.0,34643.0,34628.0,34635.0,0.31418562
2023-10-26 02:45:00,34640.0,34640.0,34618.0,34618.0,0.03555235
2023-10-26 02:46:00,34621.0,34625.0,34599.0,34599.0,0.18213308
2023-10-26 02:47:00,34600.0,34600.0,34581.0,34581.0,0.05170085
2023-10-26 02:48:00,34573.0,34585.0,34571.0,34571.0,0.02168533
2023-10-26 02:49:00,34569.0,34579.0,34569.0,34579.0,0.39203137
2023-10-26 02:50:00,34611.0,34611.0,34590.0,34604.0,0.05034619
2023-10-26 02:51:00,34597.0,34624.0,34597.0,34617.0,0.06885769
2023-10-26 02:52:00,34604.0,34604.0,34592.0,34592.0,0.009015
2023-10-26 02:53:00,34587.0,34588.0,34584.0,34588.0,0.0088
2023-10-26 02:54:00,34591.0,34618.0,34591.0,34618.0,0.01496152
2023-10-26 02:55:00,34633.0,34651.0,34633.0,34651.0,0.10961046
2023-10-26 02:56:00,34652.0,34657.0,34652.0,34657.0,0.00496599
2023-10-26 02:57:00,34654.0,34654.0,34632.0,34632.0,0.04496
2023-10-26 02:58:00,34618.0,34625.0,34612.0,34615.0,0.36484051
2023-10-26 02:59:00,34607.0,34607.0,34607.0,34607.0,0.0307313
2023-10-26 03:00:00,34614.0,34614.0,34604.0,34604.0,0.03964056
2023-10-26 03:01:00,34593.0,34606.0,34584.0,34606.0,0.04506729
2023-10-26 03:02:00,34610.0,34610.0,34596.0,34596.0,0.00802
2023-10-26 03:03:00,34571.0,34571.0,34436.0,34459.0,14.1320428
2023-10-26 03:04:00,34425.0,34425.0,34276.0,34360.0,26.22248954
2023-10-26 03:05:00,34394.0,34452.0,34394.0,34452.0,13.39065209
2023-10-26 03:06:00,34458.0,34466.0,34446.0,34455.0,4.470871
2023-10-26 03:07:00,34468.0,34483.0,34413.0,34413.0,7.08522746
2023-10-26 03:08:00,34392.0,34459.0,34392.0,34450.0,0.17486601
2023-10-26 03:09:00,34461.0,34480.0,34451.0,34451.0,1.05696237
2023-10-26 03:10:00,34434.0,34461.0,34434.0,34461.0,0.00304151
2023-10-26 03:11:00,34450.0,34475.0,34439.0,34463.0,0.00321452
2023-10-26 03:12:00,34468.0,34469.0,34466.0,34469.0,0.00660061
2023-10-26 03:13:00,34470.0,34470.0,34428.0,34428.0,0.04473261
2023-10-26 03:14:00,34429.0,34441.0,34419.0,34441.0,0.05000679
2023-10-26 03:15:00,34431.0,34432.0,34431.0,34432.0,0.01143846
2023-10-26 03:16:00,34476.0,34486.0,34471.0,34486.0,0.28559742
2023-10-26 03:17:00,34480.0,34498.0,34480.0,34498.0,0.30576031
2023-10-26 03:18:00,34499.0,34499.0,34483.0,34483.0,0.01986581
2023-10-26 03:19:00,34499.0,34506.0,34489.0,34493.0,0.11459713
2023-10-26 03:20:00,34501.0,34508.0,34481.0,34481.0,0.95881009
2023-10-26 03:21:00,34489.0,34498.0,34478.0,34498.0,4.66584027
2023-10-26 03:22:00,34502.0,34507.0,34496.0,34499.0,0.03549
2023-10-26 03:23:00,34496.0,34500.0,34496.0,34500.0,0.00069577
2023-10-26 03:24:00,34500.0,34500.0,34499.0,34499.0,0.00274
2023-10-26 03:25:00,34507.0,34507.0,34495.0,34495.0,0.00622427
2023-10-26 03:26:00,34488.0,34493.0,34484.0,34484.0,0.00501779
2023-10-26 03:27:00,34489.0,34501.0,34489.0,34501.0,0.0228
2023-10-26 03:28:00,34505.0,34505.0,34502.0,34504.0,0.04815304
2023-10-26 03:29:00,34505.0,34507.0,34505.0,34507.0,0.00884
2023-10-26 03:30:00,34494.0,34515.0,34494.0,34515.0,0.01421165
2023-10-26 03:31:00,34522.0,34532.0,34522.0,34532.0,0.03256222
2023-10-26 03:32:00,34528.0,34535.0,34528.0,34535.0,22.30321569
2023-10-26 03:33:00,34535.0,34535.0,34532.0,34533.0,3.1363716
2023-10-26 03:34:00,34532.0,34535.0,34532.0,34535.0,0.12509505
2023-10-26 03:35:00,34535.0,34535.0,34520.0,34520.0,2.57993658
2023-10-26 03:36:00,34513.0,34516.0,34513.0,34516.0,0.13192
2023-10-26 03:37:00,34489.0,34489.0,34464.0,34464.0,1.19721732
2023-10-26 03:38:00,34471.0,34477.0,34449.0,34449.0,0.15503013
2023-10-26 03:39:00,34469.0,34469.0,34462.0,34462.0,0.03709723
2023-10-26 03:40:00,34465.0,34477.0,34462.0,34477.0,0.01188501
2023-10-26 03:41:00,34477.0,34500.0,34477.0,34496.0,0.04196985
2023-10-26 03:42:00,34500.0,34500.0,34485.0,34499.0,1.78313554
2023-10-26 03:43:00,34496.0,34500.0,34496.0,34500.0,4.12819301
2023-10-26 03:44:00,34506.0,34506.0,34503.0,34503.0,2.97119801
2023-10-26 03:45:00,34503.0,34503.0,34503.0,34503.0,0.0077
2023-10-26 03:46:00,34492.0,34495.0,34482.0,34488.0,0.6029404
2023-10-26 03:47:00,34467.0,34468.0,34467.0,34468.0,0.08644
2023-10-26 03:48:00,34488.0,34488.0,34487.0,34487.0,0.00458
2023-10-26 03:49:00,34478.0,34482.0,34472.0,34482.0,0.01689816
2023-10-26 03:50:00,34466.0,34473.0,34459.0,34464.0,1.57594482
2023-10-26 03:51:00,34466.0,34471.0,34458.0,34471.0,0.25102741
2023-10-26 03:52:00,34471.0,34477.0,34468.0,34468.0,0.15246389
2023-10-26 03:53:00,34465.0,34465.0,34465.0,34465.0,0.00572
2023-10-26 03:54:00,34460.0,34480.0,34460.0,34480.0,0.03096721
2023-10-26 03:55:00,34480.0,34480.0,34477.0,34480.0,8.82490896
2023-10-26 03:56:00,34494.0,34500.0,34494.0,34500.0,0.02479615
2023-10-26 03:57:00,34493.0,34493.0,34492.0,34492.0,0.0305
2023-10-26 03:58:00,34500.0,34500.0,34500.0,34500.0,2.09847539
2023-10-26 03:59:00,34499.0,34500.0,34497.0,34498.0,1.48771175
2023-10-26 04:00:00,34494.0,34499.0,34490.0,34490.0,1.56956837
2023-10-26 04:01:00,34481.0,34481.0,34468.0,34468.0,0.07752845
2023-10-26 04:02:00,34453.0,34473.0,34450.0,34473.0,0.03181455
2023-10-26 04:03:00,34500.0,34512.0,34500.0,34512.0,6.69175978
2023-10-26 04:04:00,34484.0,34487.0,34471.0,34487.0,0.03853581
2023-10-26 04:05:00,34516.0,34519.0,34496.0,34516.0,6.04503168
2023-10-26 04:06:00,34479.0,34479.0,34475.0,34475.0,0.03568
2023-10-26 04:07:00,34465.0,34471.0,34465.0,34471.0,0.02925131
2023-10-26 04:08:00,34464.0,34518.0,34462.0,34518.0,0.14879563
2023-10-26 04:09:00,34513.0,34513.0,34487.0,34503.0,0.05475128
2023-10-26 04:10:00,34502.0,34502.0,34473.0,34473.0,0.0095272
2023-10-26 04:11:00,34479.0,34482.0,34477.0,34481.0,0.01521856
2023-10-26 04:12:00,34502.0,34528.0,34502.0,34526.0,0.05766195
2023-10-26 04:13:00,34526.0,34526.0,34526.0,34526.0,0.0
2023-10-26 04:14:00,34535.0,34535.0,34526.0,34526.0,0.10060308
2023-10-26 04:15:00,34519.0,34529.0,34519.0,34529.0,0.1244301
2023-10-26 04:16:00,34520.0,34535.0,34520.0,34535.0,0.02022215
2023-10-26 04:17:00,34534.0,34535.0,34534.0,34535.0,0.03227263
2023-10-26 04:18:00,34533.0,34547.0,34533.0,34547.0,10.09149545
2023-10-26 04:19:00,34551.0,34551.0,34551.0,34551.0,0.00454
2023-10-26 04:20:00,34539.0,34549.0,34525.0,34549.0,0.22599103
2023-10-26 04:21:00,34551.0,34551.0,34542.0,34550.0,0.06165744
2023-10-26 04:22:00,34550.0,34551.0,34541.0,34551.0,0.13237242
2023-10-26 04:23:00,34551.0,34551.0,34550.0,34550.0,0.16815195
2023-10-26 04:24:00,34549.0,34559.0,34549.0,34559.0,1.18445945
2023-10-26 04:25:00,34559.0,34559.0,34557.0,34559.0,0.0684311
2023-10-26 04:26:00,34559.0,34559.0,34559.0,34559.0,0.00651721
2023-10-26 04:27:00,34559.0,34559.0,34554.0,34554.0,0.12106081
2023-10-26 04:28:00,34559.0,34559.0,34553.0,34559.0,0.09750761
2023-10-26 04:29:00,34559.0,34572.0,34559.0,34572.0,1.94102978
2023-10-26 04:30:00,34566.0,34580.0,34566.0,34580.0,1.39621101
2023-10-26 04:31:00,34580.0,34593.0,34580.0,34593.0,2.77862473
2023-10-26 04:32:00,34599.0,34599.0,34567.0,34567.0,0.09437196
2023-10-26 04:33:00,34565.0,34590.0,34565.0,34590.0,0.34844339
2023-10-26 04:34:00,34571.0,34574.0,34570.0,34574.0,0.00694957
2023-10-26 04:35:00,34566.0,34566.0,34559.0,34559.0,0.98078272
2023-10-26 04:36:00,34570.0,34573.0,34557.0,34558.0,0.12879292
2023-10-26 04:37:00,34560.0,34560.0,34543.0,34551.0,0.13472898
2023-10-26 04:38:00,34540.0,34555.0,34540.0,34550.0,0.12763316
2023-10-26 04:39:00,34544.0,34575.0,34544.0,34574.0,0.07914271
2023-10-26 04:40:00,34583.0,34583.0,34571.0,34577.0,0.04775075
2023-10-26 04:41:00,34584.0,34584.0,34573.0,34582.0,0.03979199
2023-10-26 04:42:00,34577.0,34577.0,34565.0,34570.0,0.02643375
2023-10-26 04:43:00,34564.0,34567.0,34564.0,34567.0,0.06236462
2023-10-26 04:44:00,34559.0,34559.0,34554.0,34558.0,0.06241088
2023-10-26 04:45:00,34552.0,34552.0,34540.0,34540.0,0.03279846
2023-10-26 04:46:00,34524.0,34524.0,34487.0,34487.0,0.08570227
2023-10-26 04:47:00,34479.0,34479.0,34472.0,34476.0,0.7307005
2023-10-26 04:48:00,34459.0,34460.0,34439.0,34460.0,0.77645367
2023-10-26 04:49:00,34476.0,34494.0,34476.0,34487.0,0.00439648
2023-10-26 04:50:00,34470.0,34498.0,34468.0,34498.0,3.40936715
2023-10-26 04:51:00,34504.0,34504.0,34497.0,34497.0,0.01015
2023-10-26 04:52:00,34517.0,34536.0,34515.0,34536.0,0.02120638
2023-10-26 04:53:00,34541.0,34556.0,34541.0,34556.0,0.67676215
2023-10-26 04:54:00,34566.0,34613.0,34566.0,34613.0,3.35772649
2023-10-26 04:55:00,34613.0,34629.0,34613.0,34618.0,2.39513475
2023-10-26 04:56:00,34598.0,34598.0,34571.0,34571.0,0.17996692
2023-10-26 04:57:00,34594.0,34634.0,34594.0,34630.0,0.68818078
2023-10-26 04:58:00,34634.0,34634.0,34628.0,34634.0,0.69021206
2023-10-26 04:59:00,34636.0,34697.0,34636.0,34676.0,13.8605746
2023-10-26 05:00:00,34665.0,34713.0,34665.0,34677.0,2.73463542
2023-10-26 05:01:00,34670.0,34698.0,34657.0,34690.0,0.16057425
2023-10-26 05:02:00,34711.0,34712.0,34690.0,34690.0,0.03026
2023-10-26 05:03:00,34717.0,34731.0,34692.0,34704.0,1.55020579
2023-10-26 05:04:00,34687.0,34687.0,34674.0,34674.0,0.00741791
2023-10-26 05:05:00,34663.0,34668.0,34655.0,34668.0,0.6591222
2023-10-26 05:06:00,34673.0,34682.0,34673.0,34682.0,0.19728998
2023-10-26 05:07:00,34680.0,34680.0,34656.0,34663.0,13.02295988
2023-10-26 05:08:00,34697.0,34714.0,34697.0,34714.0,0.06009
2023-10-26 05:09:00,34700.0,34700.0,34692.0,34692.0,0.02388567
2023-10-26 05:10:00,34683.0,34716.0,34671.0,34716.0,0.02222204
2023-10-26 05:11:00,34712.0,34718.0,34700.0,34718.0,0.02203814
2023-10-26 05:12:00,34712.0,34714.0,34695.0,34707.0,0.03815316
2023-10-26 05:13:00,34696.0,34703.0,34675.0,34691.0,0.51933691
2023-10-26 05:14:00,34683.0,34683.0,34668.0,34668.0,0.06023023
2023-10-26 05:15:00,34675.0,34693.0,34672.0,34686.0,0.03416206
2023-10-26 05:16:00,34700.0,34707.0,34696.0,34698.0,0.02271575
2023-10-26 05:17:00,34686.0,34709.0,34680.0,34709.0,0.02149439
2023-10-26 05:18:00,34710.0,34727.0,34705.0,34721.0,0.01373964
2023-10-26 05:19:00,34721.0,34721.0,34697.0,34697.0,0.01725799
2023-10-26 05:20:00,34695.0,34709.0,34695.0,34707.0,0.72698098
2023-10-26 05:21:00,34703.0,34714.0,34702.0,34714.0,1.69673734
2023-10-26 05:22:00,34714.0,34721.0,34714.0,34716.0,0.01020595
2023-10-26 05:23:00,34715.0,34736.0,34715.0,34736.0,0.21017689
2023-10-26 05:24:00,34734.0,34742.0,34734.0,34742.0,0.10627
2023-10-26 05:25:00,34742.0,34747.0,34742.0,34747.0,3.23508976
2023-10-26 05:26:00,34746.0,34746.0,34730.0,34730.0,0.07882
2023-10-26 05:27:00,34706.0,34728.0,34706.0,34728.0,0.01347777
2023-10-26 05:28:00,34729.0,34746.0,34729.0,34746.0,0.01664
2023-10-26 05:29:00,34747.0,34750.0,34747.0,34749.0,0.00719488
2023-10-26 05:30:00,34751.0,34751.0,34750.0,34751.0,0.04485308
2023-10-26 05:31:00,34751.0,34759.0,34751.0,34759.0,2.67590407
2023-10-26 05:32:00,34759.0,34759.0,34758.0,34759.0,0.18923
2023-10-26 05:33:00,34759.0,34762.0,34759.0,34762.0,0.45306368
2023-10-26 05:34:00,34761.0,34761.0,34752.0,34752.0,0.36574673
2023-10-26 05:35:00,34733.0,34740.0,34728.0,34740.0,0.07070243
2023-10-26 05:36:00,34745.0,34763.0,34745.0,34762.0,1.83041648
2023-10-26 05:37:00,34762.0,34788.0,34762.0,34781.0,4.35575934
2023-10-26 05:38:00,34788.0,34801.0,34788.0,34799.0,2.31345395
2023-10-26 05:39:00,34789.0,34789.0,34766.0,34766.0,0.05888763
2023-10-26 05:40:00,34751.0,34771.0,34748.0,34764.0,0.01636957
2023-10-26 05:41:00,34787.0,34788.0,34787.0,34788.0,0.00292
2023-10-26 05:42:00,34744.0,34756.0,34721.0,34721.0,0.19953636
2023-10-26 05:43:00,34712.0,34723.0,34705.0,34712.0,0.05084346
2023-10-26 05:44:00,34722.0,34731.0,34713.0,34713.0,0.01742915
2023-10-26 05:45:00,34693.0,34693.0,34681.0,34681.0,0.32537565
2023-10-26 05:46:00,34703.0,34714.0,34703.0,34714.0,0.00713
2023-10-26 05:47:00,34727.0,34727.0,34703.0,34703.0,0.0070595
2023-10-26 05:48:00,34684.0,34699.0,34684.0,34699.0,0.00651009
2023-10-26 05:49:00,34697.0,34711.0,34697.0,34706.0,0.01313464
2023-10-26 05:50:00,34709.0,34709.0,34694.0,34694.0,0.00561
2023-10-26 05:51:00,34690.0,34703.0,34688.0,34688.0,2.6264993
2023-10-26 05:52:00,34683.0,34691.0,34683.0,34688.0,0.14163804
2023-10-26 05:53:00,34693.0,34707.0,34693.0,34707.0,0.01348454
2023-10-26 05:54:00,34709.0,34710.0,34709.0,34710.0,0.00247
2023-10-26 05:55:00,34713.0,34723.0,34694.0,34722.0,0.08977199
2023-10-26 05:56:00,34730.0,34730.0,34730.0,34730.0,0.00646
2023-10-26 05:57:00,34706.0,34706.0,34705.0,34705.0,0.03932
2023-10-26 05:58:00,34690.0,34710.0,34690.0,34710.0,0.00594598
2023-10-26 05:59:00,34694.0,34694.0,34694.0,34694.0,0.0295844
2023-10-26 06:00:00,34704.0,34704.0,34692.0,34692.0,0.00823
2023-10-26 06:01:00,34693.0,34696.0,34684.0,34689.0,0.04165765
2023-10-26 06:02:00,34702.0,34702.0,34674.0,34674.0,0.28402906
2023-10-26 06:03:00,34672.0,34672.0,34665.0,34665.0,0.11485409
2023-10-26 06:04:00,34676.0,34685.0,34676.0,34685.0,0.04376673
2023-10-26 06:05:00,34711.0,34733.0,34711.0,34729.0,0.73067988
2023-10-26 06:06:00,34737.0,34750.0,34719.0,34720.0,3.59055106
2023-10-26 06:07:00,34697.0,34697.0,34683.0,34684.0,0.04368881
2023-10-26 06:08:00,34684.0,34698.0,34684.0,34698.0,0.03724784
2023-10-26 06:09:00,34708.0,34714.0,34708.0,34714.0,0.00753
2023-10-26 06:10:00,34714.0,34722.0,34702.0,34702.0,0.08344909
2023-10-26 06:11:00,34695.0,34712.0,34695.0,34704.0,0.01631637
2023-10-26 06:12:00,34697.0,34697.0,34693.0,34697.0,0.00630564
2023-10-26 06:13:00,34691.0,34694.0,34684.0,34684.0,0.00328545
2023-10-26 06:14:00,34681.0,34684.0,34678.0,34684.0,0.00594975
2023-10-26 06:15:00,34682.0,34694.0,34682.0,34682.0,0.01390199
2023-10-26 06:16:00,34687.0,34690.0,34687.0,34690.0,0.00747959
2023-10-26 06:17:00,34690.0,34690.0,34680.0,34680.0,0.06516
2023-10-26 06:18:00,34697.0,34724.0,34697.0,34724.0,0.01924942
2023-10-26 06:19:00,34724.0,34724.0,34724.0,34724.0,0.0
2023-10-26 06:20:00,34689.0,34692.0,34687.0,34690.0,0.4997978
2023-10-26 06:21:00,34699.0,34713.0,34698.0,34713.0,0.77214633
2023-10-26 06:22:00,34705.0,34705.0,34702.0,34703.0,0.01104368
2023-10-26 06:23:00,34701.0,34701.0,34701.0,34701.0,0.00275136
2023-10-26 06:24:00,34711.0,34730.0,34711.0,34730.0,0.00826579
2023-10-26 06:25:00,34732.0,34736.0,34721.0,34721.0,0.04064
2023-10-26 06:26:00,34721.0,34723.0,34721.0,34723.0,0.01055696
2023-10-26 06:27:00,34723.0,34723.0,34718.0,34718.0,0.02131
2023-10-26 06:28:00,34721.0,34721.0,34716.0,34716.0,0.00490903
2023-10-26 06:29:00,34720.0,34720.0,34720.0,34720.0,0.00135
2023-10-26 06:30:00,34714.0,34726.0,34714.0,34726.0,0.22059949
2023-10-26 06:31:00,34743.0,34743.0,34743.0,34743.0,0.00191
2023-10-26 06:32:00,34758.0,34758.0,34753.0,34753.0,0.03455332
2023-10-26 06:33:00,34753.0,34753.0,34752.0,34752.0,0.0197
2023-10-26 06:34:00,34757.0,34757.0,34749.0,34756.0,0.0268
2023-10-26 06:35:00,34756.0,34760.0,34750.0,34753.0,0.3152189
2023-10-26 06:36:00,34754.0,34772.0,34745.0,34772.0,0.49561501
2023-10-26 06:37:00,34773.0,34773.0,34773.0,34773.0,0.01688
2023-10-26 06:38:00,34771.0,34771.0,34771.0,34771.0,0.00548
2023-10-26 06:39:00,34781.0,34781.0,34762.0,34763.0,0.97217737
2023-10-26 06:40:00,34759.0,34769.0,34759.0,34769.0,0.00531053
2023-10-26 06:41:00,34767.0,34789.0,34767.0,34788.0,0.01699823
2023-10-26 06:42:00,34790.0,34798.0,34790.0,34793.0,0.10064
2023-10-26 06:43:00,34795.0,34801.0,34793.0,34801.0,0.00848
2023-10-26 06:44:00,34800.0,34801.0,34800.0,34801.0,0.00472107
2023-10-26 06:45:00,34771.0,34771.0,34766.0,34766.0,0.00285
2023-10-26 06:46:00,34771.0,34771.0,34771.0,34771.0,0.145
2023-10-26 06:47:00,34766.0,34771.0,34763.0,34771.0,1.76151846
2023-10-26 06:48:00,34758.0,34758.0,34736.0,34736.0,0.03497704
2023-10-26 06:49:00,34738.0,34738.0,34726.0,34729.0,0.06912912
2023-10-26 06:50:00,34736.0,34736.0,34736.0,34736.0,0.00086412
2023-10-26 06:51:00,34747.0,34765.0,34743.0,34765.0,0.46807413
2023-10-26 06:52:00,34759.0,34769.0,34759.0,34769.0,0.01684
2023-10-26 06:53:00,34752.0,34754.0,34752.0,34754.0,0.01934
2023-10-26 06:54:00,34769.0,34782.0,34769.0,34782.0,0.03764651
2023-10-26 06:55:00,34774.0,34778.0,34774.0,34778.0,0.02063486
2023-10-26 06:56:00,34797.0,34798.0,34797.0,34798.0,0.01553
2023-10-26 06:57:00,34778.0,34779.0,34777.0,34777.0,0.48765753
2023-10-26 06:58:00,34777.0,34777.0,34777.0,34777.0,0.00136
2023-10-26 06:59:00,34756.0,34756.0,34756.0,34756.0,0.055
2023-10-26 07:00:00,34762.0,34783.0,34762.0,34766.0,0.21960384
2023-10-26 07:01:00,34785.0,34785.0,34774.0,34778.0,0.01248
2023-10-26 07:02:00,34779.0,34779.0,34779.0,34779.0,0.00235
2023-10-26 07:03:00,34785.0,34785.0,34776.0,34781.0,0.05842455
2023-10-26 07:04:00,34787.0,34787.0,34787.0,34787.0,0.03001043
2023-10-26 07:05:00,34794.0,34796.0,34788.0,34788.0,0.0709934
2023-10-26 07:06:00,34792.0,34794.0,34790.0,34792.0,0.17040201
2023-10-26 07:07:00,34792.0,34792.0,34779.0,34779.0,0.01044
2023-10-26 07:08:00,34768.0,34768.0,34751.0,34762.0,4.97156048
2023-10-26 07:09:00,34751.0,34751.0,34750.0,34751.0,0.20392604
2023-10-26 07:10:00,34741.0,34747.0,34741.0,34747.0,0.01189846
2023-10-26 07:11:00,34750.0,34750.0,34742.0,34742.0,0.06993
2023-10-26 07:12:00,34735.0,34752.0,34730.0,34733.0,20.6338557
2023-10-26 07:13:00,34742.0,34746.0,34725.0,34725.0,6.0382895
2023-10-26 07:14:00,34723.0,34731.0,34723.0,34731.0,0.03725
2023-10-26 07:15:00,34731.0,34731.0,34731.0,34731.0,0.0
2023-10-26 07:16:00,34734.0,34741.0,34734.0,34741.0,0.16798455
2023-10-26 07:17:00,34739.0,34739.0,34739.0,34739.0,0.01097
2023-10-26 07:18:00,34739.0,34739.0,34736.0,34739.0,0.11969
2023-10-26 07:19:00,34740.0,34754.0,34740.0,34754.0,0.01611484
2023-10-26 07:20:00,34757.0,34773.0,34757.0,34773.0,0.0450801
2023-10-26 07:21:00,34775.0,34775.0,34760.0,34761.0,0.14174489
2023-10-26 07:22:00,34776.0,34776.0,34750.0,34767.0,11.02034208
2023-10-26 07:23:00,34763.0,34763.0,34750.0,34761.0,4.17062866
2023-10-26 07:24:00,34771.0,34771.0,34768.0,34770.0,0.28341
2023-10-26 07:25:00,34766.0,34773.0,34766.0,34771.0,0.01534087
2023-10-26 07:26:00,34776.0,34776.0,34774.0,34774.0,0.0823
2023-10-26 07:27:00,34777.0,34777.0,34762.0,34765.0,1.2808037
2023-10-26 07:28:00,34786.0,34786.0,34785.0,34785.0,0.00326011
2023-10-26 07:29:00,34786.0,34787.0,34784.0,34787.0,2.38387
2023-10-26 07:30:00,34787.0,34794.0,34778.0,34778.0,0.16263749
2023-10-26 07:31:00,34787.0,34800.0,34786.0,34800.0,0.01322826
2023-10-26 07:32:00,34800.0,34800.0,34800.0,34800.0,0.0
2023-10-26 07:33:00,34797.0,34797.0,34773.0,34773.0,0.14755927
2023-10-26 07:34:00,34764.0,34787.0,34764.0,34787.0,0.01852
2023-10-26 07:35:00,34789.0,34799.0,34789.0,34799.0,0.0047283
2023-10-26 07:36:00,34799.0,34829.0,34799.0,34829.0,6.72733774
2023-10-26 07:37:00,34829.0,34829.0,34829.0,34829.0,0.01229
2023-10-26 07:38:00,34824.0,34830.0,34822.0,34830.0,0.08384
2023-10-26 07:39:00,34813.0,34813.0,34811.0,34811.0,0.21490423
2023-10-26 07:40:00,34804.0,34804.0,34801.0,34801.0,0.46562798
2023-10-26 07:41:00,34817.0,34817.0,34817.0,34817.0,0.00278
2023-10-26 07:42:00,34829.0,34834.0,34829.0,34834.0,0.69982096
2023-10-26 07:43:00,34795.0,34795.0,34795.0,34795.0,0.00070046
2023-10-26 07:44:00,34781.0,34781.0,34781.0,34781.0,0.03986
2023-10-26 07:45:00,34765.0,34765.0,34751.0,34751.0,0.0326342
2023-10-26 07:46:00,34744.0,34744.0,34743.0,34743.0,0.00887
2023-10-26 07:47:00,34746.0,34777.0,34746.0,34769.0,0.3504502
2023-10-26 07:48:00,34770.0,34772.0,34769.0,34769.0,0.12414
2023-10-26 07:49:00,34781.0,34791.0,34781.0,34791.0,1.10984925
2023-10-26 07:50:00,34791.0,34798.0,34791.0,34795.0,0.02910504
2023-10-26 07:51:00,34798.0,34798.0,34777.0,34777.0,0.50431785
2023-10-26 07:52:00,34768.0,34773.0,34756.0,34756.0,0.02548314
2023-10-26 07:53:00,34757.0,34759.0,34756.0,34759.0,0.00863
2023-10-26 07:54:00,34772.0,34779.0,34770.0,34779.0,0.02339441
2023-10-26 07:55:00,34786.0,34786.0,34786.0,34786.0,0.00154
2023-10-26 07:56:00,34787.0,34798.0,34787.0,34795.0,0.03280373
2023-10-26 07:57:00,34793.0,34804.0,34793.0,34799.0,0.28844068
2023-10-26 07:58:00,34814.0,34821.0,34814.0,34821.0,0.00524
2023-10-26 07:59:00,34801.0,34806.0,34796.0,34806.0,0.00422361
2023-10-26 08:00:00,34807.0,34807.0,34807.0,34807.0,0.00619
2023-10-26 08:01:00,34827.0,34827.0,34823.0,34823.0,0.08232
2023-10-26 08:02:00,34823.0,34823.0,34823.0,34823.0,0.0
2023-10-26 08:03:00,34788.0,34792.0,34788.0,34792.0,0.14446795
2023-10-26 08:04:00,34789.0,34789.0,34777.0,34777.0,0.61599142
2023-10-26 08:05:00,34776.0,34776.0,34771.0,34772.0,0.14406759
2023-10-26 08:06:00,34774.0,34774.0,34770.0,34770.0,0.03697392
2023-10-26 08:07:00,34770.0,34770.0,34743.0,34743.0,0.91395171
2023-10-26 08:08:00,34728.0,34728.0,34728.0,34728.0,0.072
2023-10-26 08:09:00,34730.0,34730.0,34724.0,34729.0,0.20872
2023-10-26 08:10:00,34730.0,34730.0,34730.0,34730.0,0.00334
2023-10-26 08:11:00,34723.0,34723.0,34723.0,34723.0,0.00462
2023-10-26 08:12:00,34721.0,34742.0,34721.0,34737.0,4.27625773
2023-10-26 08:13:00,34734.0,34734.0,34730.0,34730.0,0.00821
2023-10-26 08:14:00,34731.0,34731.0,34727.0,34727.0,0.10770272
2023-10-26 08:15:00,34726.0,34726.0,34724.0,34724.0,0.08869
2023-10-26 08:16:00,34726.0,34727.0,34726.0,34727.0,0.02161
2023-10-26 08:17:00,34726.0,34726.0,34714.0,34714.0,1.75015
2023-10-26 08:18:00,34706.0,34706.0,34681.0,34696.0,0.50853831
2023-10-26 08:19:00,34690.0,34735.0,34689.0,34735.0,0.51387743
2023-10-26 08:20:00,34745.0,34757.0,34741.0,34741.0,2.42463017
2023-10-26 08:21:00,34729.0,34735.0,34705.0,34712.0,0.08095796
2023-10-26 08:22:00,34707.0,34707.0,34706.0,34706.0,0.13005
2023-10-26 08:23:00,34730.0,34731.0,34705.0,34705.0,0.02312
2023-10-26 08:24:00,34706.0,34717.0,34706.0,34717.0,0.00937083
2023-10-26 08:25:00,34716.0,34741.0,34716.0,34740.0,0.0232051
2023-10-26 08:26:00,34735.0,34737.0,34721.0,34721.0,0.00232619
2023-10-26 08:27:00,34712.0,34719.0,34712.0,34719.0,1.17680902
2023-10-26 08:28:00,34715.0,34715.0,34703.0,34711.0,0.0196616
2023-10-26 08:29:00,34705.0,34719.0,34699.0,34719.0,0.01626183
2023-10-26 08:30:00,34719.0,34719.0,34719.0,34719.0,0.0
2023-10-26 08:31:00,34713.0,34713.0,34707.0,34707.0,0.00275957
2023-10-26 08:32:00,34701.0,34701.0,34690.0,34694.0,0.03472826
2023-10-26 08:33:00,34694.0,34694.0,34694.0,34694.0,0.00971
2023-10-26 08:34:00,34693.0,34713.0,34693.0,34713.0,0.01845655
2023-10-26 08:35:00,34717.0,34717.0,34711.0,34711.0,0.10776
2023-10-26 08:36:00,34710.0,34710.0,34704.0,34704.0,0.43493087
2023-10-26 08:37:00,34692.0,34705.0,34692.0,34705.0,0.00709024
2023-10-26 08:38:00,34703.0,34703.0,34703.0,34703.0,0.00286331
2023-10-26 08:39:00,34714.0,34717.0,34714.0,34717.0,0.03001
2023-10-26 08:40:00,34717.0,34717.0,34717.0,34717.0,0.0
2023-10-26 08:41:00,34686.0,34686.0,34686.0,34686.0,0.00098191
2023-10-26 08:42:00,34703.0,34704.0,34703.0,34704.0,0.00276
2023-10-26 08:43:00,34714.0,34719.0,34711.0,34715.0,1.82059824
2023-10-26 08:44:00,34702.0,34703.0,34695.0,34695.0,0.11813
2023-10-26 08:45:00,34695.0,34695.0,34686.0,34686.0,0.03726
2023-10-26 08:46:00,34688.0,34712.0,34685.0,34712.0,0.05887
2023-10-26 08:47:00,34708.0,34708.0,34695.0,34706.0,0.00817132
2023-10-26 08:48:00,34699.0,34699.0,34699.0,34699.0,0.00113
2023-10-26 08:49:00,34697.0,34705.0,34697.0,34705.0,0.02284084
2023-10-26 08:50:00,34702.0,34718.0,34699.0,34718.0,0.12360951
2023-10-26 08:51:00,34711.0,34714.0,34705.0,34712.0,0.02996939
2023-10-26 08:52:00,34691.0,34691.0,34684.0,34684.0,0.01526991
2023-10-26 08:53:00,34690.0,34690.0,34690.0,34690.0,0.00103
2023-10-26 08:54:00,34699.0,34711.0,34699.0,34707.0,0.00788958
2023-10-26 08:55:00,34708.0,34709.0,34708.0,34709.0,0.01332
2023-10-26 08:56:00,34706.0,34706.0,34687.0,34687.0,0.01322305
2023-10-26 08:57:00,34695.0,34695.0,34682.0,34688.0,0.29447039
2023-10-26 08:58:00,34701.0,34712.0,34701.0,34712.0,1.84896282
2023-10-26 08:59:00,34700.0,34703.0,34695.0,34703.0,1.77484846
2023-10-26 09:00:00,34710.0,34712.0,34691.0,34691.0,0.97818956
2023-10-26 09:01:00,34683.0,34683.0,34683.0,34683.0,0.145
2023-10-26 09:02:00,34681.0,34681.0,34681.0,34681.0,0.0011
2023-10-26 09:03:00,34698.0,34714.0,34698.0,34714.0,0.01021
2023-10-26 09:04:00,34691.0,34691.0,34683.0,34683.0,0.00609555
2023-10-26 09:05:00,34680.0,34687.0,34680.0,34681.0,0.00916003
2023-10-26 09:06:00,34681.0,34681.0,34681.0,34681.0,0.0
2023-10-26 09:07:00,34687.0,34687.0,34687.0,34687.0,0.01428503
2023-10-26 09:08:00,34677.0,34677.0,34673.0,34673.0,0.7319187
2023-10-26 09:09:00,34663.0,34663.0,34655.0,34655.0,29.05448405
2023-10-26 09:10:00,34670.0,34686.0,34670.0,34685.0,0.00797801
2023-10-26 09:11:00,34676.0,34679.0,34676.0,34679.0,0.04102128
2023-10-26 09:12:00,34686.0,34686.0,34678.0,34685.0,0.00278972
2023-10-26 09:13:00,34678.0,34685.0,34678.0,34679.0,3.45541449
2023-10-26 09:14:00,34679.0,34684.0,34679.0,34683.0,0.02354
2023-10-26 09:15:00,34686.0,34686.0,34686.0,34686.0,0.00552
2023-10-26 09:16:00,34686.0,34686.0,34686.0,34686.0,0.0
2023-10-26 09:17:00,34672.0,34672.0,34672.0,34672.0,0.00141604
2023-10-26 09:18:00,34653.0,34653.0,34634.0,34639.0,3.61656863
2023-10-26 09:19:00,34631.0,34664.0,34630.0,34664.0,0.9704203
2023-10-26 09:20:00,34663.0,34667.0,34663.0,34667.0,0.01497175
2023-10-26 09:21:00,34667.0,34667.0,34667.0,34667.0,0.0
2023-10-26 09:22:00,34667.0,34667.0,34667.0,34667.0,0.0
2023-10-26 09:23:00,34650.0,34663.0,34650.0,34663.0,0.01823905
2023-10-26 09:24:00,34660.0,34660.0,34660.0,34660.0,0.0082
2023-10-26 09:25:00,34635.0,34635.0,34634.0,34634.0,0.4399379
2023-10-26 09:26:00,34629.0,34629.0,34629.0,34629.0,0.00893295
2023-10-26 09:27:00,34628.0,34628.0,34627.0,34627.0,0.05256116
2023-10-26 09:28:00,34643.0,34643.0,34634.0,34636.0,0.56674395
2023-10-26 09:29:00,34627.0,34634.0,34626.0,34634.0,0.72898283
2023-10-26 09:30:00,34630.0,34635.0,34626.0,34635.0,0.93390364
2023-10-26 09:31:00,34652.0,34652.0,34652.0,34652.0,0.00785
2023-10-26 09:32:00,34650.0,34650.0,34645.0,34645.0,1.49088105
2023-10-26 09:33:00,34645.0,34645.0,34645.0,34645.0,0.0
2023-10-26 09:34:00,34625.0,34625.0,34622.0,34622.0,0.68000303
2023-10-26 09:35:00,34618.0,34618.0,34614.0,34614.0,0.66683475
2023-10-26 09:36:00,34624.0,34639.0,34624.0,34626.0,1.39154993
2023-10-26 09:37:00,34613.0,34613.0,34597.0,34597.0,3.46454183
2023-10-26 09:38:00,34594.0,34614.0,34594.0,34614.0,0.02306944
2023-10-26 09:39:00,34610.0,34610.0,34610.0,34610.0,0.00112252
2023-10-26 09:40:00,34605.0,34605.0,34595.0,34596.0,0.28777246
2023-10-26 09:41:00,34593.0,34608.0,34589.0,34608.0,1.33935594
2023-10-26 09:42:00,34608.0,34608.0,34608.0,34608.0,0.0203
2023-10-26 09:43:00,34615.0,34620.0,34598.0,34602.0,0.3761886
2023-10-26 09:44:00,34612.0,34612.0,34601.0,34610.0,0.08978094
2023-10-26 09:45:00,34588.0,34588.0,34588.0,34588.0,0.004
2023-10-26 09:46:00,34584.0,34596.0,34572.0,34596.0,2.79482822
2023-10-26 09:47:00,34578.0,34597.0,34578.0,34597.0,0.05666097
2023-10-26 09:48:00,34568.0,34571.0,34559.0,34571.0,2.12362663
2023-10-26 09:49:00,34555.0,34555.0,34539.0,34539.0,2.7305929
2023-10-26 09:50:00,34545.0,34558.0,34539.0,34539.0,0.61483353
2023-10-26 09:51:00,34535.0,34535.0,34530.0,34530.0,1.46508586
2023-10-26 09:52:00,34543.0,34556.0,34543.0,34550.0,0.10416553
2023-10-26 09:53:00,34579.0,34579.0,34548.0,34548.0,0.01533
2023-10-26 09:54:00,34542.0,34542.0,34542.0,34542.0,0.0085
2023-10-26 09:55:00,34527.0,34549.0,34527.0,34545.0,0.03165
2023-10-26 09:56:00,34545.0,34545.0,34545.0,34545.0,0.0
2023-10-26 09:57:00,34549.0,34549.0,34526.0,34526.0,0.01132548
2023-10-26 09:58:00,34526.0,34526.0,34526.0,34526.0,0.0
2023-10-26 09:59:00,34539.0,34543.0,34537.0,34537.0,1.14326113
2023-10-26 10:00:00,34537.0,34538.0,34532.0,34538.0,0.17364
2023-10-26 10:01:00,34526.0,34526.0,34507.0,34507.0,3.27756044
2023-10-26 10:02:00,34507.0,34507.0,34485.0,34486.0,6.14659389
2023-10-26 10:03:00,34481.0,34481.0,34470.0,34473.0,1.98279186
2023-10-26 10:04:00,34469.0,34469.0,34448.0,34448.0,3.52133193
2023-10-26 10:05:00,34448.0,34487.0,34431.0,34479.0,5.43650185
2023-10-26 10:06:00,34476.0,34494.0,34442.0,34469.0,10.49077362
2023-10-26 10:07:00,34474.0,34491.0,34464.0,34464.0,3.67855644
2023-10-26 10:08:00,34483.0,34483.0,34483.0,34483.0,0.00833
2023-10-26 10:09:00,34483.0,34483.0,34483.0,34483.0,0.0
2023-10-26 10:10:00,34499.0,34499.0,34470.0,34471.0,0.36193365
2023-10-26 10:11:00,34475.0,34475.0,34457.0,34460.0,0.67241256
2023-10-26 10:12:00,34471.0,34471.0,34471.0,34471.0,0.00747976
2023-10-26 10:13:00,34479.0,34490.0,34479.0,34490.0,0.01005631
2023-10-26 10:14:00,34501.0,34515.0,34491.0,34515.0,0.81610255
2023-10-26 10:15:00,34513.0,34513.0,34494.0,34494.0,0.0272983
2023-10-26 10:16:00,34497.0,34503.0,34497.0,34503.0,0.00896
2023-10-26 10:17:00,34512.0,34512.0,34512.0,34512.0,0.05359
2023-10-26 10:18:00,34500.0,34500.0,34500.0,34500.0,0.0757
2023-10-26 10:19:00,34506.0,34506.0,34506.0,34506.0,0.00137
2023-10-26 10:20:00,34503.0,34513.0,34503.0,34512.0,0.0612289
2023-10-26 10:21:00,34513.0,34515.0,34506.0,34506.0,1.53965095
2023-10-26 10:22:00,34500.0,34500.0,34500.0,34500.0,0.00888773
2023-10-26 10:23:00,34515.0,34515.0,34515.0,34515.0,0.0127
2023-10-26 10:24:00,34517.0,34529.0,34517.0,34529.0,0.29496049
2023-10-26 10:25:00,34529.0,34529.0,34529.0,34529.0,0.0
2023-10-26 10:26:00,34500.0,34500.0,34491.0,34491.0,1.12125052
2023-10-26 10:27:00,34510.0,34510.0,34510.0,34510.0,0.00275
2023-10-26 10:28:00,34510.0,34510.0,34510.0,34510.0,0.0
2023-10-26 10:29:00,34525.0,34528.0,34515.0,34515.0,0.63625594
2023-10-26 10:30:00,34514.0,34514.0,34499.0,34500.0,0.87426264
2023-10-26 10:31:00,34525.0,34555.0,34525.0,34555.0,19.89316175
2023-10-26 10:32:00,34554.0,34555.0,34552.0,34555.0,0.80106001
2023-10-26 10:33:00,34537.0,34539.0,34537.0,34539.0,0.3056924
2023-10-26 10:34:00,34539.0,34539.0,34539.0,34539.0,0.0
2023-10-26 10:35:00,34547.0,34559.0,34547.0,34559.0,0.6407
2023-10-26 10:36:00,34559.0,34559.0,34559.0,34559.0,0.0
2023-10-26 10:37:00,34548.0,34548.0,34548.0,34548.0,0.00247
2023-10-26 10:38:00,34558.0,34558.0,34558.0,34558.0,0.00692
2023-10-26 10:39:00,34553.0,34554.0,34552.0,34552.0,0.01830501
2023-10-26 10:40:00,34546.0,34546.0,34546.0,34546.0,0.00147
2023-10-26 10:41:00,34551.0,34564.0,34551.0,34564.0,0.11230554
2023-10-26 10:42:00,34564.0,34564.0,34564.0,34564.0,0.0299
2023-10-26 10:43:00,34563.0,34568.0,34563.0,34568.0,0.79743533
2023-10-26 10:44:00,34568.0,34575.0,34568.0,34575.0,1.67629317
2023-10-26 10:45:00,34575.0,34576.0,34565.0,34565.0,0.14166916
2023-10-26 10:46:00,34559.0,34572.0,34552.0,34572.0,0.00743
2023-10-26 10:47:00,34576.0,34589.0,34576.0,34588.0,1.93389315
2023-10-26 10:48:00,34589.0,34589.0,34585.0,34585.0,0.0045829
2023-10-26 10:49:00,34585.0,34585.0,34585.0,34585.0,0.0
2023-10-26 10:50:00,34589.0,34593.0,34589.0,34591.0,0.72068248
2023-10-26 10:51:00,34588.0,34593.0,34588.0,34593.0,0.15725228
2023-10-26 10:52:00,34586.0,34586.0,34586.0,34586.0,0.00142001
2023-10-26 10:53:00,34592.0,34630.0,34592.0,34630.0,5.94484633
2023-10-26 10:54:00,34630.0,34634.0,34630.0,34634.0,1.2965224
2023-10-26 10:55:00,34635.0,34635.0,34630.0,34630.0,0.01955116
2023-10-26 10:56:00,34637.0,34638.0,34637.0,34638.0,0.00471965
2023-10-26 10:57:00,34624.0,34638.0,34624.0,34638.0,0.72306371
2023-10-26 10:58:00,34643.0,34643.0,34643.0,34643.0,0.01335
2023-10-26 10:59:00,34631.0,34634.0,34631.0,34634.0,0.89002429
2023-10-26 11:00:00,34631.0,34631.0,34616.0,34619.0,0.05320731
2023-10-26 11:01:00,34606.0,34606.0,34596.0,34596.0,0.02279062
2023-10-26 11:02:00,34596.0,34596.0,34596.0,34596.0,0.00569776
2023-10-26 11:03:00,34594.0,34594.0,34583.0,34583.0,0.02464501
2023-10-26 11:04:00,34590.0,34590.0,34565.0,34565.0,0.18606691
2023-10-26 11:05:00,34568.0,34569.0,34562.0,34569.0,0.25307734
2023-10-26 11:06:00,34573.0,34573.0,34571.0,34571.0,0.0268
2023-10-26 11:07:00,34574.0,34574.0,34573.0,34573.0,0.00177986
2023-10-26 11:08:00,34587.0,34604.0,34583.0,34601.0,0.02345475
2023-10-26 11:09:00,34601.0,34601.0,34594.0,34599.0,0.01451948
2023-10-26 11:10:00,34586.0,34590.0,34580.0,34580.0,0.03088784
2023-10-26 11:11:00,34590.0,34593.0,34590.0,34593.0,0.01149
2023-10-26 11:12:00,34601.0,34629.0,34600.0,34621.0,5.10372731
2023-10-26 11:13:00,34643.0,34680.0,34618.0,34680.0,16.63045622
2023-10-26 11:14:00,34684.0,34700.0,34684.0,34697.0,3.06423056
2023-10-26 11:15:00,34686.0,34700.0,34672.0,34700.0,0.27785829
2023-10-26 11:16:00,34701.0,34726.0,34701.0,34726.0,3.74591935
2023-10-26 11:17:00,34688.0,34688.0,34688.0,34688.0,0.0012
2023-10-26 11:18:00,34684.0,34688.0,34684.0,34688.0,0.01282018
2023-10-26 11:19:00,34721.0,34721.0,34692.0,34692.0,0.09414172
2023-10-26 11:20:00,34696.0,34726.0,34696.0,34726.0,2.04245773
2023-10-26 11:21:00,34730.0,34738.0,34711.0,34711.0,4.29467022
2023-10-26 11:22:00,34741.0,34742.0,34730.0,34741.0,6.1744712
2023-10-26 11:23:00,34726.0,34731.0,34717.0,34717.0,0.03416532
2023-10-26 11:24:00,34694.0,34708.0,34694.0,34708.0,0.11800424
2023-10-26 11:25:00,34706.0,34736.0,34703.0,34736.0,0.11440252
2023-10-26 11:26:00,34742.0,34755.0,34742.0,34755.0,1.75261154
2023-10-26 11:27:00,34754.0,34776.0,34751.0,34764.0,14.61803678
2023-10-26 11:28:00,34758.0,34758.0,34733.0,34733.0,1.18024148
2023-10-26 11:29:00,34765.0,34776.0,34764.0,34776.0,2.43874308
2023-10-26 11:30:00,34780.0,34780.0,34734.0,34734.0,3.15759957
2023-10-26 11:31:00,34739.0,34740.0,34739.0,34740.0,0.25
2023-10-26 11:32:00,34720.0,34720.0,34720.0,34720.0,0.00575324
2023-10-26 11:33:00,34720.0,34720.0,34720.0,34720.0,0.0
2023-10-26 11:34:00,34722.0,34722.0,34722.0,34722.0,0.00251
2023-10-26 11:35:00,34740.0,34755.0,34740.0,34755.0,0.01543595
2023-10-26 11:36:00,34718.0,34729.0,34716.0,34727.0,0.0062108
2023-10-26 11:37:00,34735.0,34742.0,34714.0,34714.0,0.01285905
2023-10-26 11:38:00,34724.0,34724.0,34724.0,34724.0,0.076
2023-10-26 11:39:00,34722.0,34738.0,34722.0,34738.0,0.067
2023-10-26 11:40:00,34747.0,34769.0,34747.0,34761.0,0.12389883
2023-10-26 11:41:00,34759.0,34787.0,34759.0,34764.0,12.04347087
2023-10-26 11:42:00,34775.0,34775.0,34762.0,34763.0,7.36423867
2023-10-26 11:43:00,34767.0,34767.0,34730.0,34730.0,3.78295717
2023-10-26 11:44:00,34729.0,34729.0,34706.0,34708.0,0.21170793
2023-10-26 11:45:00,34703.0,34705.0,34683.0,34687.0,0.43260946
2023-10-26 11:46:00,34680.0,34681.0,34680.0,34681.0,0.17191263
2023-10-26 11:47:00,34686.0,34686.0,34678.0,34678.0,0.39672181
2023-10-26 11:48:00,34691.0,34691.0,34670.0,34670.0,0.61000767
2023-10-26 11:49:00,34670.0,34670.0,34670.0,34670.0,0.0
2023-10-26 11:50:00,34678.0,34688.0,34675.0,34688.0,0.25418
2023-10-26 11:51:00,34670.0,34670.0,34663.0,34663.0,0.92959181
2023-10-26 11:52:00,34664.0,34664.0,34659.0,34659.0,18.73204813
2023-10-26 11:53:00,34660.0,34668.0,34660.0,34668.0,0.58131891
2023-10-26 11:54:00,34678.0,34678.0,34676.0,34676.0,0.00273369
2023-10-26 11:55:00,34676.0,34697.0,34674.0,34697.0,0.1679282
2023-10-26 11:56:00,34685.0,34685.0,34666.0,34677.0,0.0842183
2023-10-26 11:57:00,34684.0,34684.0,34662.0,34667.0,0.27297264
2023-10-26 11:58:00,34659.0,34659.0,34634.0,34640.0,4.04593632
2023-10-26 11:59:00,34634.0,34669.0,34634.0,34655.0,0.54788066
2023-10-26 12:00:00,34657.0,34657.0,34645.0,34645.0,0.85531596
2023-10-26 12:01:00,34652.0,34667.0,34641.0,34667.0,0.01587
2023-10-26 12:02:00,34677.0,34744.0,34674.0,34744.0,0.30616013
2023-10-26 12:03:00,34746.0,34746.0,34727.0,34727.0,0.08317711
2023-10-26 12:04:00,34727.0,34727.0,34727.0,34727.0,0.0
2023-10-26 12:05:00,34714.0,34732.0,34714.0,34732.0,0.33126214
2023-10-26 12:06:00,34748.0,34748.0,34722.0,34734.0,10.30789925
2023-10-26 12:07:00,34711.0,34711.0,34705.0,34705.0,0.31908485
2023-10-26 12:08:00,34692.0,34692.0,34655.0,34663.0,0.77345509
2023-10-26 12:09:00,34661.0,34662.0,34656.0,34657.0,0.04459
2023-10-26 12:10:00,34641.0,34641.0,34626.0,34626.0,2.00625052
2023-10-26 12:11:00,34622.0,34622.0,34576.0,34576.0,8.85802605
2023-10-26 12:12:00,34573.0,34591.0,34555.0,34583.0,4.85224541
2023-10-26 12:13:00,34580.0,34580.0,34536.0,34544.0,3.80844389
2023-10-26 12:14:00,34535.0,34559.0,34525.0,34559.0,4.54726043
2023-10-26 12:15:00,34566.0,34599.0,34562.0,34562.0,1.30160963
2023-10-26 12:16:00,34577.0,34589.0,34572.0,34589.0,0.38892789
2023-10-26 12:17:00,34591.0,34591.0,34591.0,34591.0,0.0009254
2023-10-26 12:18:00,34599.0,34621.0,34599.0,34616.0,0.03116962
2023-10-26 12:19:00,34616.0,34616.0,34616.0,34616.0,0.0
2023-10-26 12:20:00,34611.0,34615.0,34611.0,34611.0,0.02859523
2023-10-26 12:21:00,34606.0,34606.0,34570.0,34570.0,0.16482887
2023-10-26 12:22:00,34570.0,34570.0,34548.0,34548.0,0.02900052
2023-10-26 12:23:00,34561.0,34561.0,34561.0,34561.0,0.0104
2023-10-26 12:24:00,34602.0,34602.0,34575.0,34580.0,0.27974932
2023-10-26 12:25:00,34592.0,34592.0,34564.0,34564.0,0.04024
2023-10-26 12:26:00,34562.0,34562.0,34562.0,34562.0,0.01449963
2023-10-26 12:27:00,34556.0,34556.0,34556.0,34556.0,0.01450131
2023-10-26 12:28:00,34551.0,34559.0,34540.0,34547.0,0.07095851
2023-10-26 12:29:00,34547.0,34548.0,34514.0,34514.0,3.33500112
2023-10-26 12:30:00,34515.0,34546.0,34515.0,34519.0,0.31506295
2023-10-26 12:31:00,34537.0,34537.0,34518.0,34523.0,0.02622917
2023-10-26 12:32:00,34538.0,34569.0,34538.0,34569.0,0.07494367
2023-10-26 12:33:00,34556.0,34567.0,34556.0,34567.0,0.59256074
2023-10-26 12:34:00,34581.0,34581.0,34581.0,34581.0,0.00242
2023-10-26 12:35:00,34583.0,34583.0,34578.0,34578.0,0.31175
2023-10-26 12:36:00,34586.0,34586.0,34576.0,34577.0,0.59245998
2023-10-26 12:37:00,34567.0,34573.0,34562.0,34563.0,0.07253418
2023-10-26 12:38:00,34590.0,34590.0,34578.0,34578.0,0.00411179
2023-10-26 12:39:00,34565.0,34567.0,34565.0,34566.0,0.03431085
2023-10-26 12:40:00,34588.0,34588.0,34588.0,34588.0,0.01448789
2023-10-26 12:41:00,34575.0,34586.0,34575.0,34586.0,0.60713682
2023-10-26 12:42:00,34562.0,34563.0,34562.0,34563.0,0.57693596
2023-10-26 12:43:00,34579.0,34579.0,34579.0,34579.0,0.00949
2023-10-26 12:44:00,34582.0,34593.0,34582.0,34593.0,0.00416252
2023-10-26 12:45:00,34588.0,34599.0,34586.0,34599.0,1.08650515
2023-10-26 12:46:00,34607.0,34607.0,34590.0,34590.0,0.01338
2023-10-26 12:47:00,34591.0,34591.0,34591.0,34591.0,0.0078
2023-10-26 12:48:00,34606.0,34606.0,34606.0,34606.0,0.00272138
2023-10-26 12:49:00,34607.0,34615.0,34605.0,34610.0,0.07877207
2023-10-26 12:50:00,34616.0,34626.0,34601.0,34601.0,0.04117
2023-10-26 12:51:00,34600.0,34600.0,34569.0,34569.0,0.0061984
2023-10-26 12:52:00,34562.0,34562.0,34562.0,34562.0,0.2059
2023-10-26 12:53:00,34603.0,34614.0,34603.0,34608.0,0.01360946
2023-10-26 12:54:00,34614.0,34614.0,34594.0,34594.0,0.60706319
2023-10-26 12:55:00,34596.0,34596.0,34578.0,34586.0,0.2280245
2023-10-26 12:56:00,34586.0,34586.0,34586.0,34586.0,0.0
2023-10-26 12:57:00,34565.0,34566.0,34565.0,34565.0,0.9
2023-10-26 12:58:00,34561.0,34561.0,34545.0,34545.0,8.49305358
2023-10-26 12:59:00,34544.0,34544.0,34514.0,34537.0,0.43859985
2023-10-26 13:00:00,34533.0,34540.0,34533.0,34536.0,0.44051691
2023-10-26 13:01:00,34532.0,34536.0,34532.0,34536.0,0.05747382
2023-10-26 13:02:00,34543.0,34545.0,34536.0,34545.0,0.21576112
2023-10-26 13:03:00,34558.0,34558.0,34551.0,34551.0,0.05062891
2023-10-26 13:04:00,34546.0,34546.0,34546.0,34546.0,0.00157
2023-10-26 13:05:00,34551.0,34551.0,34551.0,34551.0,0.00207
2023-10-26 13:06:00,34568.0,34568.0,34568.0,34568.0,0.00536
2023-10-26 13:07:00,34587.0,34597.0,34587.0,34597.0,0.01581956
2023-10-26 13:08:00,34577.0,34581.0,34575.0,34581.0,0.02446
2023-10-26 13:09:00,34575.0,34575.0,34567.0,34567.0,0.06397306
2023-10-26 13:10:00,34564.0,34564.0,34564.0,34564.0,0.00519123
2023-10-26 13:11:00,34569.0,34569.0,34548.0,34548.0,0.03746672
2023-10-26 13:12:00,34547.0,34547.0,34510.0,34510.0,2.49634284
2023-10-26 13:13:00,34507.0,34507.0,34481.0,34492.0,4.86395331
2023-10-26 13:14:00,34477.0,34502.0,34476.0,34490.0,0.76078624
2023-10-26 13:15:00,34473.0,34482.0,34464.0,34482.0,3.51028003
2023-10-26 13:16:00,34472.0,34502.0,34472.0,34489.0,0.45564679
2023-10-26 13:17:00,34470.0,34489.0,34470.0,34489.0,0.01895453
2023-10-26 13:18:00,34487.0,34487.0,34464.0,34465.0,0.10935479
2023-10-26 13:19:00,34464.0,34466.0,34456.0,34456.0,2.48254963
2023-10-26 13:20:00,34488.0,34499.0,34488.0,34499.0,0.00781029
2023-10-26 13:21:00,34486.0,34491.0,34479.0,34491.0,0.11567668
2023-10-26 13:22:00,34476.0,34476.0,34452.0,34452.0,0.68634989
2023-10-26 13:23:00,34445.0,34451.0,34444.0,34447.0,0.26559539
2023-10-26 13:24:00,34477.0,34477.0,34477.0,34477.0,0.00221
2023-10-26 13:25:00,34486.0,34486.0,34474.0,34474.0,0.06715871
2023-10-26 13:26:00,34467.0,34467.0,34452.0,34452.0,0.03503823
2023-10-26 13:27:00,34444.0,34446.0,34431.0,34431.0,3.15250331
2023-10-26 13:28:00,34443.0,34443.0,34427.0,34427.0,1.32585915
2023-10-26 13:29:00,34427.0,34445.0,34423.0,34423.0,0.1080173
2023-10-26 13:30:00,34423.0,34423.0,34423.0,34423.0,0.0
2023-10-26 13:31:00,34475.0,34480.0,34460.0,34473.0,0.93483642
2023-10-26 13:32:00,34473.0,34473.0,34473.0,34473.0,0.0
2023-10-26 13:33:00,34488.0,34491.0,34488.0,34489.0,0.04050882
2023-10-26 13:34:00,34476.0,34488.0,34471.0,34488.0,0.0250153
2023-10-26 13:35:00,34472.0,34476.0,34472.0,34476.0,0.1
2023-10-26 13:36:00,34465.0,34478.0,34465.0,34478.0,0.01484292
2023-10-26 13:37:00,34477.0,34478.0,34463.0,34478.0,0.01144244
2023-10-26 13:38:00,34481.0,34481.0,34481.0,34481.0,0.00496806
2023-10-26 13:39:00,34472.0,34483.0,34472.0,34483.0,0.02896251
2023-10-26 13:40:00,34494.0,34495.0,34483.0,34483.0,0.11886397
2023-10-26 13:41:00,34489.0,34491.0,34489.0,34489.0,0.03983935
2023-10-26 13:42:00,34486.0,34486.0,34480.0,34485.0,0.02813499
2023-10-26 13:43:00,34466.0,34466.0,34466.0,34466.0,0.00333
2023-10-26 13:44:00,34459.0,34466.0,34459.0,34466.0,0.015586
2023-10-26 13:45:00,34472.0,34472.0,34472.0,34472.0,0.00284535
2023-10-26 13:46:00,34483.0,34502.0,34483.0,34502.0,0.58954907
2023-10-26 13:47:00,34501.0,34501.0,34496.0,34496.0,0.65945595
2023-10-26 13:48:00,34466.0,34474.0,34466.0,34474.0,0.01183936
2023-10-26 13:49:00,34456.0,34461.0,34456.0,34459.0,0.06094906
2023-10-26 13:50:00,34457.0,34457.0,34457.0,34457.0,0.01922708
2023-10-26 13:51:00,34456.0,34468.0,34446.0,34468.0,0.04589244
2023-10-26 13:52:00,34473.0,34482.0,34473.0,34477.0,0.01822943
2023-10-26 13:53:00,34478.0,34484.0,34453.0,34453.0,0.15919117
2023-10-26 13:54:00,34459.0,34459.0,34459.0,34459.0,0.0039
2023-10-26 13:55:00,34452.0,34461.0,34449.0,34455.0,0.13833571
2023-10-26 13:56:00,34455.0,34469.0,34447.0,34469.0,0.01651656
2023-10-26 13:57:00,34457.0,34460.0,34449.0,34460.0,0.02036316
2023-10-26 13:58:00,34445.0,34445.0,34435.0,34445.0,0.2858949
2023-10-26 13:59:00,34442.0,34445.0,34433.0,34442.0,0.23686944
2023-10-26 14:00:00,34441.0,34441.0,34427.0,34427.0,0.02273245
2023-10-26 14:01:00,34433.0,34448.0,34433.0,34439.0,2.81892342
2023-10-26 14:02:00,34426.0,34426.0,34367.0,34367.0,9.83550362
2023-10-26 14:03:00,34383.0,34401.0,34361.0,34401.0,0.94374809
2023-10-26 14:04:00,34423.0,34423.0,34423.0,34423.0,0.00288536
2023-10-26 14:05:00,34380.0,34400.0,34340.0,34340.0,4.46443728
2023-10-26 14:06:00,34339.0,34367.0,34323.0,34363.0,2.88973102
2023-10-26 14:07:00,34332.0,34332.0,34331.0,34331.0,0.00345943
2023-10-26 14:08:00,34334.0,34362.0,34331.0,34362.0,0.08903498
2023-10-26 14:09:00,34356.0,34404.0,34354.0,34404.0,0.57726323
2023-10-26 14:10:00,34398.0,34402.0,34398.0,34402.0,0.08856851
2023-10-26 14:11:00,34411.0,34424.0,34411.0,34419.0,0.08830292
2023-10-26 14:12:00,34428.0,34433.0,34416.0,34422.0,0.56839987
2023-10-26 14:13:00,34412.0,34412.0,34407.0,34407.0,0.0029
2023-10-26 14:14:00,34406.0,34406.0,34406.0,34406.0,0.00281
2023-10-26 14:15:00,34430.0,34430.0,34397.0,34397.0,0.04300482
2023-10-26 14:16:00,34374.0,34382.0,34374.0,34376.0,0.90835257
2023-10-26 14:17:00,34394.0,34396.0,34390.0,34390.0,0.00451844
2023-10-26 14:18:00,34412.0,34427.0,34405.0,34427.0,0.10583876
2023-10-26 14:19:00,34435.0,34444.0,34435.0,34444.0,0.03181286
2023-10-26 14:20:00,34444.0,34444.0,34438.0,34438.0,0.00932717
2023-10-26 14:21:00,34438.0,34448.0,34438.0,34448.0,20.24634129
2023-10-26 14:22:00,34448.0,34456.0,34446.0,34446.0,1.19649918
2023-10-26 14:23:00,34443.0,34443.0,34440.0,34440.0,0.01386812
2023-10-26 14:24:00,34442.0,34442.0,34442.0,34442.0,0.0014
2023-10-26 14:25:00,34429.0,34435.0,34429.0,34435.0,0.01549694
2023-10-26 14:26:00,34431.0,34432.0,34426.0,34426.0,0.02938291
2023-10-26 14:27:00,34433.0,34442.0,34433.0,34442.0,0.00723371
2023-10-26 14:28:00,34454.0,34460.0,34442.0,34449.0,0.95030507
2023-10-26 14:29:00,34435.0,34435.0,34410.0,34410.0,0.04623893
2023-10-26 14:30:00,34417.0,34417.0,34400.0,34400.0,0.01809406
2023-10-26 14:31:00,34393.0,34400.0,34393.0,34400.0,0.68241532
2023-10-26 14:32:00,34402.0,34450.0,34400.0,34450.0,15.66973167
2023-10-26 14:33:00,34450.0,34461.0,34450.0,34461.0,0.09738868
2023-10-26 14:34:00,34456.0,34456.0,34440.0,34448.0,2.62552956
2023-10-26 14:35:00,34441.0,34450.0,34405.0,34405.0,15.57180554
2023-10-26 14:36:00,34399.0,34408.0,34340.0,34355.0,25.16010302
2023-10-26 14:37:00,34375.0,34381.0,34371.0,34372.0,0.02524007
2023-10-26 14:38:00,34360.0,34365.0,34350.0,34365.0,0.21191234
2023-10-26 14:39:00,34354.0,34363.0,34328.0,34363.0,6.66687285
2023-10-26 14:40:00,34343.0,34343.0,34343.0,34343.0,0.00607812
2023-10-26 14:41:00,34324.0,34349.0,34313.0,34329.0,2.2394583
2023-10-26 14:42:00,34317.0,34324.0,34291.0,34309.0,4.9559143
2023-10-26 14:43:00,34335.0,34335.0,34305.0,34305.0,0.00947993
2023-10-26 14:44:00,34288.0,34295.0,34283.0,34283.0,1.28134806
2023-10-26 14:45:00,34286.0,34307.0,34272.0,34279.0,2.11877933
2023-10-26 14:46:00,34283.0,34284.0,34127.0,34169.0,34.75417183
2023-10-26 14:47:00,34184.0,34235.0,34184.0,34216.0,0.27029806
2023-10-26 14:48:00,34225.0,34246.0,34225.0,34246.0,1.7459509
2023-10-26 14:49:00,34246.0,34254.0,34245.0,34254.0,19.89682357
2023-10-26 14:50:00,34254.0,34270.0,34254.0,34270.0,3.28694558
2023-10-26 14:51:00,34275.0,34299.0,34275.0,34299.0,4.8045048
2023-10-26 14:52:00,34265.0,34274.0,34241.0,34253.0,1.09399195
2023-10-26 14:53:00,34284.0,34288.0,34281.0,34281.0,0.01236562
2023-10-26 14:54:00,34253.0,34253.0,34204.0,34204.0,0.06061296
2023-10-26 14:55:00,34224.0,34228.0,34211.0,34211.0,0.02956529
2023-10-26 14:56:00,34246.0,34264.0,34246.0,34264.0,0.01522268
2023-10-26 14:57:00,34262.0,34270.0,34254.0,34270.0,1.21628762
2023-10-26 14:58:00,34285.0,34285.0,34278.0,34278.0,0.58052046
2023-10-26 14:59:00,34286.0,34294.0,34280.0,34294.0,0.01634732
2023-10-26 15:00:00,34279.0,34307.0,34278.0,34306.0,1.36139493
2023-10-26 15:01:00,34305.0,34312.0,34304.0,34312.0,0.36286465
2023-10-26 15:02:00,34309.0,34311.0,34309.0,34311.0,0.25289537
2023-10-26 15:03:00,34311.0,34320.0,34308.0,34320.0,2.59982503
2023-10-26 15:04:00,34318.0,34318.0,34312.0,34312.0,0.11902243
2023-10-26 15:05:00,34317.0,34317.0,34283.0,34305.0,1.8677622
2023-10-26 15:06:00,34313.0,34324.0,34311.0,34324.0,1.8755822
2023-10-26 15:07:00,34324.0,34324.0,34324.0,34324.0,0.08102553
2023-10-26 15:08:00,34324.0,34324.0,34317.0,34322.0,0.66334359
2023-10-26 15:09:00,34324.0,34324.0,34324.0,34324.0,0.00083831
2023-10-26 15:10:00,34316.0,34316.0,34299.0,34299.0,0.06557273
2023-10-26 15:11:00,34299.0,34321.0,34299.0,34321.0,0.05178426
2023-10-26 15:12:00,34321.0,34321.0,34314.0,34321.0,1.47122085
2023-10-26 15:13:00,34318.0,34318.0,34314.0,34317.0,2.4989407
2023-10-26 15:14:00,34314.0,34314.0,34314.0,34314.0,0.00563
2023-10-26 15:15:00,34303.0,34303.0,34299.0,34299.0,0.08957471
2023-10-26 15:16:00,34292.0,34310.0,34292.0,34310.0,3.21390346
2023-10-26 15:17:00,34306.0,34313.0,34306.0,34313.0,0.00411447
2023-10-26 15:18:00,34276.0,34276.0,34259.0,34259.0,0.17466654
2023-10-26 15:19:00,34247.0,34247.0,34243.0,34243.0,0.08396432
2023-10-26 15:20:00,34257.0,34259.0,34242.0,34242.0,0.75157256
2023-10-26 15:21:00,34228.0,34243.0,34211.0,34240.0,0.54353779
2023-10-26 15:22:00,34240.0,34240.0,34227.0,34227.0,0.0259711
2023-10-26 15:23:00,34232.0,34235.0,34210.0,34216.0,0.1340225
2023-10-26 15:24:00,34222.0,34245.0,34222.0,34238.0,1.12244422
2023-10-26 15:25:00,34247.0,34264.0,34226.0,34226.0,0.43444
2023-10-26 15:26:00,34215.0,34215.0,34185.0,34185.0,22.58025579
2023-10-26 15:27:00,34193.0,34216.0,34184.0,34184.0,0.79258543
2023-10-26 15:28:00,34185.0,34185.0,34164.0,34168.0,2.96810921
2023-10-26 15:29:00,34165.0,34177.0,34155.0,34177.0,82.26761039
2023-10-26 15:30:00,34168.0,34195.0,34147.0,34188.0,1.5355325
2023-10-26 15:31:00,34147.0,34153.0,34142.0,34153.0,1.29654768
2023-10-26 15:32:00,34190.0,34203.0,34168.0,34181.0,0.37918982
2023-10-26 15:33:00,34178.0,34178.0,34146.0,34159.0,0.02627
2023-10-26 15:34:00,34173.0,34195.0,34173.0,34195.0,0.14985269
2023-10-26 15:35:00,34189.0,34189.0,34177.0,34180.0,0.03002173
2023-10-26 15:36:00,34183.0,34183.0,34140.0,34140.0,0.60905947
2023-10-26 15:37:00,34139.0,34174.0,34119.0,34166.0,4.00419367
2023-10-26 15:38:00,34171.0,34178.0,34102.0,34107.0,12.73124867
2023-10-26 15:39:00,34113.0,34113.0,34053.0,34053.0,11.76418328
2023-10-26 15:40:00,34074.0,34076.0,34061.0,34070.0,0.07899152
2023-10-26 15:41:00,34062.0,34078.0,34053.0,34065.0,3.3257931
2023-10-26 15:42:00,34082.0,34082.0,34041.0,34041.0,8.26001466
2023-10-26 15:43:00,34038.0,34078.0,34018.0,34067.0,4.6255686
2023-10-26 15:44:00,34070.0,34083.0,34052.0,34052.0,7.48569973
2023-10-26 15:45:00,34061.0,34078.0,34029.0,34038.0,7.73372337
2023-10-26 15:46:00,34029.0,34064.0,34004.0,34064.0,7.15229026
2023-10-26 15:47:00,34066.0,34091.0,34037.0,34037.0,2.31894359
2023-10-26 15:48:00,34027.0,34027.0,33980.0,33980.0,7.86250098
2023-10-26 15:49:00,33987.0,33988.0,33976.0,33988.0,0.37599
2023-10-26 15:50:00,33996.0,34016.0,33988.0,34016.0,0.72000844
2023-10-26 15:51:00,34035.0,34059.0,34035.0,34053.0,0.72366888
2023-10-26 15:52:00,34053.0,34075.0,34050.0,34075.0,1.73761306
2023-10-26 15:53:00,34055.0,34073.0,34039.0,34073.0,1.53830928
2023-10-26 15:54:00,34096.0,34106.0,34095.0,34106.0,21.36988119
2023-10-26 15:55:00,34106.0,34106.0,34090.0,34090.0,3.86976162
2023-10-26 15:56:00,34080.0,34102.0,34080.0,34102.0,3.13732131
2023-10-26 15:57:00,34103.0,34123.0,34101.0,34123.0,2.30952025
2023-10-26 15:58:00,34122.0,34122.0,34107.0,34107.0,0.10016058
2023-10-26 15:59:00,34107.0,34120.0,34103.0,34117.0,5.78290001
2023-10-26 16:00:00,34114.0,34122.0,34097.0,34122.0,0.77516262
2023-10-26 16:01:00,34122.0,34151.0,34122.0,34151.0,4.87187254
2023-10-26 16:02:00,34151.0,34160.0,34151.0,34159.0,2.15365829
2023-10-26 16:03:00,34164.0,34172.0,34164.0,34168.0,2.13965186
2023-10-26 16:04:00,34158.0,34176.0,34158.0,34176.0,0.14488957
2023-10-26 16:05:00,34174.0,34174.0,34155.0,34170.0,4.16459501
2023-10-26 16:06:00,34151.0,34151.0,34116.0,34141.0,2.6732835
2023-10-26 16:07:00,34118.0,34163.0,34118.0,34128.0,3.57026884
2023-10-26 16:08:00,34155.0,34180.0,34155.0,34180.0,1.85522786
2023-10-26 16:09:00,34175.0,34180.0,34174.0,34180.0,3.80684235
2023-10-26 16:10:00,34181.0,34192.0,34181.0,34189.0,2.54254362
2023-10-26 16:11:00,34187.0,34194.0,34187.0,34193.0,1.78656238
2023-10-26 16:12:00,34196.0,34205.0,34196.0,34199.0,5.35397118
2023-10-26 16:13:00,34205.0,34205.0,34191.0,34191.0,3.07496326
2023-10-26 16:14:00,34203.0,34205.0,34203.0,34205.0,0.58355357
2023-10-26 16:15:00,34209.0,34209.0,34204.0,34208.0,2.35757289
2023-10-26 16:16:00,34209.0,34209.0,34167.0,34175.0,3.62024729
2023-10-26 16:17:00,34175.0,34211.0,34175.0,34205.0,1.25700117
2023-10-26 16:18:00,34210.0,34210.0,34169.0,34169.0,4.63661902
2023-10-26 16:19:00,34166.0,34179.0,34166.0,34175.0,1.00428497
2023-10-26 16:20:00,34202.0,34209.0,34202.0,34205.0,1.38247032
2023-10-26 16:21:00,34205.0,34210.0,34198.0,34200.0,1.57541891
2023-10-26 16:22:00,34211.0,34213.0,34206.0,34206.0,4.09036936
2023-10-26 16:23:00,34205.0,34205.0,34179.0,34197.0,0.96842483
2023-10-26 16:24:00,34217.0,34225.0,34217.0,34224.0,2.09081873
2023-10-26 16:25:00,34225.0,34228.0,34190.0,34210.0,1.3291624
2023-10-26 16:26:00,34215.0,34238.0,34210.0,34233.0,4.05625998
2023-10-26 16:27:00,34239.0,34246.0,34237.0,34246.0,1.63425743
2023-10-26 16:28:00,34248.0,34270.0,34248.0,34270.0,5.48167827
2023-10-26 16:29:00,34272.0,34276.0,34270.0,34270.0,6.51317745
2023-10-26 16:30:00,34246.0,34278.0,34222.0,34278.0,5.44283423
2023-10-26 16:31:00,34274.0,34287.0,34266.0,34287.0,2.02681584
2023-10-26 16:32:00,34286.0,34295.0,34286.0,34295.0,1.31776687
2023-10-26 16:33:00,34295.0,34320.0,34295.0,34320.0,4.85373835
2023-10-26 16:34:00,34320.0,34321.0,34314.0,34314.0,1.22654513
2023-10-26 16:35:00,34316.0,34316.0,34270.0,34270.0,0.18469
2023-10-26 16:36:00,34307.0,34315.0,34300.0,34300.0,0.04946026
2023-10-26 16:37:00,34290.0,34296.0,34280.0,34280.0,0.11882885
2023-10-26 16:38:00,34280.0,34306.0,34280.0,34303.0,0.16423867
2023-10-26 16:39:00,34295.0,34295.0,34276.0,34286.0,0.13934472
2023-10-26 16:40:00,34296.0,34300.0,34290.0,34299.0,0.0429524
2023-10-26 16:41:00,34308.0,34315.0,34306.0,34315.0,0.14777
2023-10-26 16:42:00,34317.0,34328.0,34317.0,34328.0,1.08586256
2023-10-26 16:43:00,34328.0,34344.0,34310.0,34311.0,4.19182252
2023-10-26 16:44:00,34316.0,34326.0,34315.0,34323.0,0.06789816
2023-10-26 16:45:00,34317.0,34317.0,34294.0,34294.0,0.17400583
2023-10-26 16:46:00,34299.0,34299.0,34299.0,34299.0,0.00041
2023-10-26 16:47:00,34289.0,34289.0,34289.0,34289.0,0.00582656
2023-10-26 16:48:00,34271.0,34279.0,34267.0,34267.0,1.19998872
2023-10-26 16:49:00,34270.0,34270.0,34255.0,34256.0,0.31739706
2023-10-26 16:50:00,34248.0,34256.0,34236.0,34238.0,0.18429667
2023-10-26 16:51:00,34291.0,34324.0,34291.0,34324.0,0.00156734
2023-10-26 16:52:00,34331.0,34331.0,34217.0,34240.0,28.24646591
2023-10-26 16:53:00,34252.0,34252.0,34250.0,34250.0,0.02178994
2023-10-26 16:54:00,34278.0,34288.0,34278.0,34288.0,0.00477049
2023-10-26 16:55:00,34301.0,34312.0,34301.0,34312.0,0.1739
2023-10-26 16:56:00,34310.0,34310.0,34275.0,34275.0,0.12973424
2023-10-26 16:57:00,34284.0,34284.0,34277.0,34277.0,0.0222191
2023-10-26 16:58:00,34288.0,34288.0,34288.0,34288.0,0.00769467
2023-10-26 16:59:00,34287.0,34287.0,34267.0,34271.0,0.08736315
2023-10-26 17:00:00,34289.0,34301.0,34289.0,34301.0,0.03317019
2023-10-26 17:01:00,34310.0,34310.0,34274.0,34283.0,0.01927857
2023-10-26 17:02:00,34292.0,34298.0,34292.0,34296.0,0.40362751
2023-10-26 17:03:00,34310.0,34313.0,34305.0,34310.0,2.13254392
2023-10-26 17:04:00,34308.0,34308.0,34289.0,34299.0,0.17002396
2023-10-26 17:05:00,34301.0,34305.0,34300.0,34301.0,0.18743214
2023-10-26 17:06:00,34300.0,34302.0,34295.0,34302.0,1.51945413
2023-10-26 17:07:00,34289.0,34289.0,34275.0,34275.0,0.07237594
2023-10-26 17:08:00,34275.0,34307.0,34275.0,34307.0,0.07477325
2023-10-26 17:09:00,34302.0,34306.0,34302.0,34306.0,0.03115733
2023-10-26 17:10:00,34306.0,34306.0,34305.0,34305.0,0.20318135
2023-10-26 17:11:00,34291.0,34307.0,34291.0,34307.0,0.0918217
2023-10-26 17:12:00,34311.0,34311.0,34311.0,34311.0,0.01214191
2023-10-26 17:13:00,34324.0,34326.0,34324.0,34325.0,0.05151537
2023-10-26 17:14:00,34326.0,34326.0,34314.0,34314.0,0.78537027
2023-10-26 17:15:00,34336.0,34340.0,34333.0,34340.0,20.43161588
2023-10-26 17:16:00,34340.0,34370.0,34340.0,34368.0,6.10495867
2023-10-26 17:17:00,34363.0,34363.0,34332.0,34335.0,0.17183252
2023-10-26 17:18:00,34326.0,34326.0,34298.0,34298.0,0.24141353
2023-10-26 17:19:00,34305.0,34305.0,34295.0,34301.0,0.07416982
2023-10-26 17:20:00,34302.0,34305.0,34301.0,34305.0,0.0223751
2023-10-26 17:21:00,34303.0,34306.0,34299.0,34304.0,0.02790976
2023-10-26 17:22:00,34285.0,34285.0,34262.0,34262.0,0.07969204
2023-10-26 17:23:00,34250.0,34286.0,34250.0,34286.0,1.57315151
2023-10-26 17:24:00,34272.0,34272.0,34253.0,34253.0,0.32016104
2023-10-26 17:25:00,34260.0,34284.0,34257.0,34284.0,0.10954
2023-10-26 17:26:00,34275.0,34277.0,34254.0,34255.0,0.21312662
2023-10-26 17:27:00,34269.0,34275.0,34257.0,34268.0,0.18437728
2023-10-26 17:28:00,34267.0,34284.0,34267.0,34278.0,0.00642165
2023-10-26 17:29:00,34277.0,34292.0,34277.0,34292.0,0.01381255
2023-10-26 17:30:00,34278.0,34300.0,34275.0,34296.0,0.15714278
2023-10-26 17:31:00,34309.0,34336.0,34309.0,34336.0,0.13347593
2023-10-26 17:32:00,34340.0,34340.0,34283.0,34327.0,0.77809943
2023-10-26 17:33:00,34343.0,34343.0,34294.0,34294.0,0.12525251
2023-10-26 17:34:00,34305.0,34305.0,34283.0,34300.0,3.51406553
2023-10-26 17:35:00,34301.0,34301.0,34266.0,34266.0,0.00370527
2023-10-26 17:36:00,34261.0,34269.0,34253.0,34269.0,0.05782175
2023-10-26 17:37:00,34269.0,34269.0,34265.0,34265.0,0.99726006
2023-10-26 17:38:00,34254.0,34254.0,34241.0,34241.0,0.07884874
2023-10-26 17:39:00,34229.0,34230.0,34189.0,34189.0,28.47139039
2023-10-26 17:40:00,34193.0,34223.0,34184.0,34223.0,1.41542594
2023-10-26 17:41:00,34251.0,34283.0,34251.0,34283.0,0.12435769
2023-10-26 17:42:00,34297.0,34335.0,34297.0,34325.0,0.62964345
2023-10-26 17:43:00,34314.0,34342.0,34301.0,34342.0,0.42461978
2023-10-26 17:44:00,34340.0,34340.0,34322.0,34326.0,0.15369005
2023-10-26 17:45:00,34327.0,34369.0,34327.0,34343.0,29.96991343
2023-10-26 17:46:00,34355.0,34360.0,34342.0,34345.0,0.065019
2023-10-26 17:47:00,34341.0,34341.0,34304.0,34304.0,0.0337499
2023-10-26 17:48:00,34290.0,34293.0,34290.0,34293.0,0.01731337
2023-10-26 17:49:00,34292.0,34292.0,34256.0,34276.0,0.16347891
2023-10-26 17:50:00,34282.0,34306.0,34282.0,34306.0,0.00533143
2023-10-26 17:51:00,34316.0,34316.0,34276.0,34276.0,0.02717639
2023-10-26 17:52:00,34279.0,34328.0,34279.0,34321.0,1.30580507
2023-10-26 17:53:00,34316.0,34316.0,34288.0,34292.0,0.03392178
2023-10-26 17:54:00,34279.0,34279.0,34268.0,34272.0,0.16106564
2023-10-26 17:55:00,34274.0,34274.0,34245.0,34250.0,0.10926217
2023-10-26 17:56:00,34255.0,34255.0,34239.0,34241.0,0.08485283
2023-10-26 17:57:00,34245.0,34249.0,34206.0,34211.0,0.80378495
2023-10-26 17:58:00,34234.0,34241.0,34206.0,34206.0,1.15287764
2023-10-26 17:59:00,34215.0,34216.0,34196.0,34196.0,27.45947493
2023-10-26 18:00:00,34196.0,34217.0,34176.0,34215.0,4.01204952
2023-10-26 18:01:00,34210.0,34210.0,34191.0,34191.0,0.03453881
2023-10-26 18:02:00,34221.0,34229.0,34201.0,34229.0,0.06695173
2023-10-26 18:03:00,34229.0,34257.0,34229.0,34257.0,0.02428259
2023-10-26 18:04:00,34263.0,34300.0,34263.0,34300.0,1.24431899
2023-10-26 18:05:00,34300.0,34300.0,34281.0,34296.0,0.0723377
2023-10-26 18:06:00,34301.0,34315.0,34301.0,34315.0,0.02923926
2023-10-26 18:07:00,34312.0,34312.0,34307.0,34309.0,0.47174131
2023-10-26 18:08:00,34310.0,34310.0,34301.0,34306.0,0.03218122
2023-10-26 18:09:00,34276.0,34278.0,34262.0,34264.0,0.14814543
2023-10-26 18:10:00,34272.0,34308.0,34272.0,34308.0,0.05647353
2023-10-26 18:11:00,34311.0,34338.0,34311.0,34325.0,5.63193831
2023-10-26 18:12:00,34331.0,34331.0,34314.0,34317.0,1.95492802
2023-10-26 18:13:00,34316.0,34346.0,34304.0,34346.0,3.92570234
2023-10-26 18:14:00,34348.0,34353.0,34321.0,34321.0,0.37284097
2023-10-26 18:15:00,34318.0,34347.0,34312.0,34318.0,0.90953409
2023-10-26 18:16:00,34305.0,34307.0,34305.0,34307.0,0.0255373
2023-10-26 18:17:00,34308.0,34308.0,34267.0,34269.0,0.80784961
2023-10-26 18:18:00,34269.0,34293.0,34269.0,34281.0,1.14308815
2023-10-26 18:19:00,34292.0,34296.0,34292.0,34295.0,0.03166438
2023-10-26 18:20:00,34293.0,34305.0,34292.0,34300.0,0.12644548
2023-10-26 18:21:00,34289.0,34294.0,34274.0,34274.0,2.17997318
2023-10-26 18:22:00,34286.0,34286.0,34242.0,34242.0,3.67401233
2023-10-26 18:23:00,34248.0,34248.0,34185.0,34185.0,0.70973477
2023-10-26 18:24:00,34176.0,34209.0,34175.0,34197.0,4.10502575
2023-10-26 18:25:00,34215.0,34231.0,34210.0,34231.0,0.04042687
2023-10-26 18:26:00,34242.0,34263.0,34240.0,34263.0,0.89206624
2023-10-26 18:27:00,34271.0,34271.0,34242.0,34242.0,0.04156781
2023-10-26 18:28:00,34282.0,34282.0,34282.0,34282.0,0.00056975
2023-10-26 18:29:00,34292.0,34300.0,34289.0,34300.0,1.81191431
2023-10-26 18:30:00,34299.0,34301.0,34240.0,34240.0,1.09222776
2023-10-26 18:31:00,34223.0,34224.0,34209.0,34215.0,0.16062449
2023-10-26 18:32:00,34200.0,34200.0,34123.0,34171.0,9.52003017
2023-10-26 18:33:00,34156.0,34179.0,34094.0,34094.0,4.50739055
2023-10-26 18:34:00,34115.0,34141.0,34078.0,34078.0,3.93560234
2023-10-26 18:35:00,34057.0,34118.0,34020.0,34052.0,10.5547219
2023-10-26 18:36:00,34040.0,34078.0,34040.0,34050.0,0.1602915
2023-10-26 18:37:00,34109.0,34109.0,34047.0,34047.0,0.22368772
2023-10-26 18:38:00,34049.0,34056.0,33883.0,33944.0,27.11653064
2023-10-26 18:39:00,33967.0,33967.0,33912.0,33947.0,0.53505824
2023-10-26 18:40:00,33961.0,33967.0,33941.0,33967.0,0.78949905
2023-10-26 18:41:00,33971.0,34063.0,33971.0,34035.0,0.54428774
2023-10-26 18:42:00,34055.0,34061.0,34008.0,34061.0,0.61185563
2023-10-26 18:43:00,34070.0,34112.0,34063.0,34091.0,1.69483915
2023-10-26 18:44:00,34091.0,34128.0,34091.0,34108.0,0.11094615
2023-10-26 18:45:00,34087.0,34128.0,34087.0,34127.0,1.58617817
2023-10-26 18:46:00,34096.0,34112.0,34090.0,34109.0,2.17044839
2023-10-26 18:47:00,34098.0,34105.0,34070.0,34105.0,0.5860925
2023-10-26 18:48:00,34142.0,34171.0,34142.0,34169.0,46.72785749
2023-10-26 18:49:00,34163.0,34232.0,34161.0,34201.0,9.44806585
2023-10-26 18:50:00,34177.0,34184.0,34174.0,34174.0,1.6005243
2023-10-26 18:51:00,34172.0,34184.0,34147.0,34147.0,5.04231308
2023-10-26 18:52:00,34136.0,34136.0,34132.0,34132.0,2.05679745
2023-10-26 18:53:00,34117.0,34153.0,34116.0,34153.0,0.02287249
2023-10-26 18:54:00,34154.0,34183.0,34142.0,34154.0,1.25812729
2023-10-26 18:55:00,34171.0,34199.0,34165.0,34165.0,2.75211172
2023-10-26 18:56:00,34187.0,34195.0,34187.0,34195.0,0.00226864
2023-10-26 18:57:00,34182.0,34203.0,34174.0,34174.0,4.97859721
2023-10-26 18:58:00,34197.0,34200.0,34189.0,34192.0,0.18854112
2023-10-26 18:59:00,34194.0,34204.0,34183.0,34204.0,1.22819719
2023-10-26 19:00:00,34211.0,34223.0,34181.0,34223.0,4.44651336
2023-10-26 19:01:00,34237.0,34258.0,34217.0,34258.0,7.49404653
2023-10-26 19:02:00,34256.0,34256.0,34207.0,34207.0,0.02374615
2023-10-26 19:03:00,34197.0,34206.0,34187.0,34188.0,0.18049657
2023-10-26 19:04:00,34187.0,34187.0,34166.0,34166.0,2.8442827
2023-10-26 19:05:00,34166.0,34169.0,34148.0,34148.0,0.94482616
2023-10-26 19:06:00,34154.0,34176.0,34149.0,34176.0,2.37006251
2023-10-26 19:07:00,34167.0,34175.0,34152.0,34152.0,16.92737531
2023-10-26 19:08:00,34152.0,34162.0,34152.0,34155.0,0.0482
2023-10-26 19:09:00,34161.0,34161.0,34139.0,34141.0,0.03126246
2023-10-26 19:10:00,34154.0,34160.0,34152.0,34155.0,0.91087041
2023-10-26 19:11:00,34145.0,34145.0,34127.0,34127.0,0.01926671
2023-10-26 19:12:00,34101.0,34130.0,34089.0,34128.0,0.74937697
2023-10-26 19:13:00,34126.0,34126.0,34091.0,34115.0,5.83847892
2023-10-26 19:14:00,34115.0,34115.0,34086.0,34100.0,12.63145177
2023-10-26 19:15:00,34093.0,34104.0,34059.0,34059.0,10.43570944
2023-10-26 19:16:00,34063.0,34063.0,34009.0,34011.0,15.22116505
2023-10-26 19:17:00,34005.0,34046.0,33997.0,33997.0,47.71106861
2023-10-26 19:18:00,33977.0,33979.0,33952.0,33966.0,10.4524553
2023-10-26 19:19:00,33952.0,33981.0,33927.0,33927.0,15.54348038
2023-10-26 19:20:00,33927.0,33961.0,33919.0,33961.0,47.65175249
2023-10-26 19:21:00,33940.0,33957.0,33915.0,33949.0,3.03903633
2023-10-26 19:22:00,33977.0,33979.0,33977.0,33979.0,0.91165899
2023-10-26 19:23:00,33966.0,33966.0,33910.0,33910.0,3.18059611
2023-10-26 19:24:00,33933.0,33962.0,33930.0,33962.0,1.6660611
2023-10-26 19:25:00,33962.0,33974.0,33882.0,33889.0,4.56156707
2023-10-26 19:26:00,33919.0,33924.0,33883.0,33883.0,0.04827801
2023-10-26 19:27:00,33882.0,33888.0,33878.0,33878.0,1.04405438
2023-10-26 19:28:00,33903.0,33928.0,33901.0,33916.0,2.00960587
2023-10-26 19:29:00,33895.0,33919.0,33891.0,33914.0,4.34581839
2023-10-26 19:30:00,33928.0,33946.0,33850.0,33850.0,3.39175069
2023-10-26 19:31:00,33907.0,33945.0,33907.0,33936.0,1.22103687
2023-10-26 19:32:00,33936.0,33981.0,33915.0,33981.0,1.0694202
2023-10-26 19:33:00,33975.0,34027.0,33975.0,34003.0,0.07233958
2023-10-26 19:34:00,34001.0,34006.0,33999.0,34006.0,0.03787106
2023-10-26 19:35:00,34022.0,34022.0,33970.0,33989.0,0.58995042
2023-10-26 19:36:00,33989.0,34002.0,33965.0,33995.0,0.44969961
2023-10-26 19:37:00,33996.0,33996.0,33959.0,33959.0,0.6383996
2023-10-26 19:38:00,33972.0,33981.0,33964.0,33974.0,0.75506172
2023-10-26 19:39:00,33972.0,33972.0,33961.0,33966.0,0.00863503
2023-10-26 19:40:00,33973.0,33974.0,33963.0,33963.0,0.00596985
2023-10-26 19:41:00,33969.0,33969.0,33951.0,33960.0,0.02842692
2023-10-26 19:42:00,33962.0,33962.0,33915.0,33921.0,0.06055141
2023-10-26 19:43:00,33914.0,33914.0,33878.0,33896.0,0.65878377
2023-10-26 19:44:00,33897.0,33905.0,33891.0,33905.0,0.36646434
2023-10-26 19:45:00,33917.0,33918.0,33897.0,33912.0,0.06271604
2023-10-26 19:46:00,33927.0,33965.0,33927.0,33957.0,0.02730215
2023-10-26 19:47:00,33971.0,34012.0,33971.0,34012.0,0.68442984
2023-10-26 19:48:00,34003.0,34017.0,34003.0,34017.0,0.73402448
2023-10-26 19:49:00,34011.0,34040.0,34011.0,34034.0,0.14003695
2023-10-26 19:50:00,34030.0,34031.0,33999.0,34016.0,0.08399708
2023-10-26 19:51:00,34021.0,34023.0,33998.0,34005.0,0.01740012
2023-10-26 19:52:00,33999.0,34014.0,33992.0,34012.0,0.46217408
2023-10-26 19:53:00,34008.0,34018.0,34006.0,34018.0,0.02273182
2023-10-26 19:54:00,34027.0,34035.0,34024.0,34024.0,0.15641882
2023-10-26 19:55:00,34015.0,34033.0,34015.0,34033.0,0.91930967
2023-10-26 19:56:00,34043.0,34061.0,34040.0,34061.0,0.0820394
2023-10-26 19:57:00,34061.0,34061.0,34061.0,34061.0,0.0
2023-10-26 19:58:00,34053.0,34053.0,34023.0,34043.0,0.01281959
2023-10-26 19:59:00,34042.0,34049.0,34026.0,34049.0,0.06078347
2023-10-26 20:00:00,34037.0,34037.0,34033.0,34037.0,0.14816113
2023-10-26 20:01:00,34042.0,34079.0,34042.0,34079.0,0.01489853
2023-10-26 20:02:00,34079.0,34082.0,34072.0,34082.0,0.06383855
2023-10-26 20:03:00,34079.0,34079.0,34053.0,34062.0,0.06241803
2023-10-26 20:04:00,34078.0,34078.0,34063.0,34073.0,1.0928933
2023-10-26 20:05:00,34067.0,34067.0,34052.0,34060.0,0.01593998
2023-10-26 20:06:00,34034.0,34034.0,34000.0,34008.0,0.11712888
2023-10-26 20:07:00,33989.0,33992.0,33971.0,33983.0,1.30981435
2023-10-26 20:08:00,33982.0,33982.0,33975.0,33975.0,0.01605711
2023-10-26 20:09:00,33988.0,33995.0,33988.0,33995.0,0.01243181
2023-10-26 20:10:00,33978.0,33993.0,33978.0,33993.0,3.0237752
2023-10-26 20:11:00,33996.0,33996.0,33960.0,33965.0,0.98765065
2023-10-26 20:12:00,33957.0,33991.0,33950.0,33982.0,2.8546202
2023-10-26 20:13:00,33977.0,33997.0,33977.0,33997.0,0.00492721
2023-10-26 20:14:00,33994.0,33996.0,33985.0,33992.0,0.11458396
2023-10-26 20:15:00,33984.0,33997.0,33984.0,33989.0,0.11007452
2023-10-26 20:16:00,34032.0,34036.0,34020.0,34021.0,0.01233
2023-10-26 20:17:00,34021.0,34038.0,34012.0,34031.0,1.859957
2023-10-26 20:18:00,34040.0,34061.0,34037.0,34061.0,1.07661884
2023-10-26 20:19:00,34060.0,34060.0,34008.0,34008.0,0.17364793
2023-10-26 20:20:00,34008.0,34011.0,33970.0,33973.0,0.73365925
2023-10-26 20:21:00,33983.0,34005.0,33976.0,33985.0,0.05105476
2023-10-26 20:22:00,33979.0,33986.0,33979.0,33983.0,0.15265308
2023-10-26 20:23:00,33992.0,34027.0,33992.0,34027.0,0.01211269
2023-10-26 20:24:00,34013.0,34013.0,33966.0,33968.0,0.1547253
2023-10-26 20:25:00,33973.0,33988.0,33961.0,33966.0,0.06712816
2023-10-26 20:26:00,33966.0,33985.0,33952.0,33981.0,0.13088853
2023-10-26 20:27:00,33985.0,34021.0,33985.0,34021.0,0.04507603
2023-10-26 20:28:00,34028.0,34043.0,34004.0,34004.0,0.0715151
2023-10-26 20:29:00,34008.0,34008.0,34001.0,34001.0,0.01303842
2023-10-26 20:30:00,33998.0,34020.0,33998.0,34018.0,0.15294459
2023-10-26 20:31:00,34032.0,34032.0,34023.0,34031.0,0.03245793
2023-10-26 20:32:00,34012.0,34024.0,34012.0,34024.0,0.14009
2023-10-26 20:33:00,34016.0,34016.0,33912.0,33912.0,0.37724181
2023-10-26 20:34:00,33920.0,33975.0,33910.0,33975.0,0.11745
2023-10-26 20:35:00,33924.0,33970.0,33924.0,33970.0,0.01025538
2023-10-26 20:36:00,33977.0,33997.0,33935.0,33938.0,0.07342961
2023-10-26 20:37:00,33944.0,33959.0,33927.0,33952.0,0.04204015
2023-10-26 20:38:00,33941.0,33955.0,33930.0,33944.0,0.26950019
2023-10-26 20:39:00,33944.0,33944.0,33944.0,33944.0,0.0111
2023-10-26 20:40:00,33934.0,33934.0,33900.0,33900.0,2.47365178
2023-10-26 20:41:00,33914.0,33914.0,33874.0,33898.0,2.07215115
2023-10-26 20:42:00,33890.0,33902.0,33870.0,33895.0,0.32778627
2023-10-26 20:43:00,33910.0,33924.0,33879.0,33879.0,0.1320222
2023-10-26 20:44:00,33880.0,33881.0,33880.0,33881.0,0.0056627
2023-10-26 20:45:00,33883.0,33883.0,33863.0,33880.0,0.80050262
2023-10-26 20:46:00,33883.0,33924.0,33875.0,33879.0,0.89081684
2023-10-26 20:47:00,33880.0,33893.0,33876.0,33877.0,0.05524141
2023-10-26 20:48:00,33896.0,33902.0,33892.0,33902.0,0.35159
2023-10-26 20:49:00,33889.0,33889.0,33875.0,33877.0,0.06808192
2023-10-26 20:50:00,33878.0,33881.0,33839.0,33846.0,4.40624785
2023-10-26 20:51:00,33828.0,33842.0,33821.0,33821.0,0.31562044
2023-10-26 20:52:00,33806.0,33813.0,33798.0,33813.0,30.98133913
2023-10-26 20:53:00,33820.0,33845.0,33801.0,33831.0,8.91086859
2023-10-26 20:54:00,33809.0,33809.0,33765.0,33765.0,6.68799537
2023-10-26 20:55:00,33782.0,33798.0,33757.0,33771.0,1.10956487
2023-10-26 20:56:00,33775.0,33785.0,33738.0,33785.0,2.44788502
2023-10-26 20:57:00,33752.0,33779.0,33749.0,33773.0,2.06898164
2023-10-26 20:58:00,33772.0,33775.0,33770.0,33774.0,0.60310277
2023-10-26 20:59:00,33761.0,33764.0,33748.0,33748.0,2.51882748
2023-10-26 21:00:00,33745.0,33773.0,33745.0,33771.0,0.42284226
2023-10-26 21:01:00,33778.0,33786.0,33748.0,33775.0,1.48231313
2023-10-26 21:02:00,33785.0,33838.0,33785.0,33831.0,0.43940045
2023-10-26 21:03:00,33834.0,33846.0,33797.0,33828.0,1.50732926
2023-10-26 21:04:00,33832.0,33836.0,33831.0,33836.0,0.02458
2023-10-26 21:05:00,33829.0,33839.0,33827.0,33839.0,1.16418078
2023-10-26 21:06:00,33839.0,33842.0,33837.0,33839.0,0.10115537
2023-10-26 21:07:00,33869.0,33877.0,33839.0,33839.0,0.53897607
2023-10-26 21:08:00,33853.0,33874.0,33849.0,33867.0,3.02324047
2023-10-26 21:09:00,33856.0,33870.0,33856.0,33870.0,0.06445377
2023-10-26 21:10:00,33865.0,33875.0,33862.0,33875.0,0.3121
2023-10-26 21:11:00,33853.0,33870.0,33852.0,33870.0,1.02358926
2023-10-26 21:12:00,33874.0,33884.0,33873.0,33878.0,0.77017442
2023-10-26 21:13:00,33849.0,33850.0,33828.0,33841.0,0.12502937
2023-10-26 21:14:00,33847.0,33853.0,33847.0,33850.0,0.2347756
2023-10-26 21:15:00,33846.0,33846.0,33831.0,33831.0,0.011417
2023-10-26 21:16:00,33821.0,33844.0,33812.0,33844.0,0.04631951
2023-10-26 21:17:00,33858.0,33882.0,33858.0,33882.0,0.03434231
2023-10-26 21:18:00,33871.0,33888.0,33871.0,33882.0,0.02185878
2023-10-26 21:19:00,33895.0,33895.0,33886.0,33886.0,0.03543092
2023-10-26 21:20:00,33864.0,33864.0,33845.0,33848.0,0.09835
2023-10-26 21:21:00,33861.0,33870.0,33861.0,33870.0,0.02184892
2023-10-26 21:22:00,33872.0,33872.0,33840.0,33840.0,0.01638379
2023-10-26 21:23:00,33848.0,33851.0,33839.0,33851.0,0.0276411
2023-10-26 21:24:00,33844.0,33850.0,33835.0,33839.0,1.42050101
2023-10-26 21:25:00,33851.0,33853.0,33844.0,33846.0,0.02905747
2023-10-26 21:26:00,33847.0,33879.0,33846.0,33879.0,0.03421173
2023-10-26 21:27:00,33878.0,33878.0,33855.0,33855.0,0.017077
2023-10-26 21:28:00,33849.0,33849.0,33847.0,33847.0,0.08298532
2023-10-26 21:29:00,33850.0,33856.0,33848.0,33856.0,0.12567196
2023-10-26 21:30:00,33853.0,33853.0,33819.0,33819.0,0.01199568
2023-10-26 21:31:00,33847.0,33861.0,33846.0,33861.0,0.61435374
2023-10-26 21:32:00,33861.0,33861.0,33861.0,33861.0,0.0
2023-10-26 21:33:00,33836.0,33847.0,33836.0,33847.0,0.00379157
2023-10-26 21:34:00,33849.0,33855.0,33849.0,33855.0,0.03306799
2023-10-26 21:35:00,33859.0,33860.0,33858.0,33858.0,0.04744085
2023-10-26 21:36:00,33858.0,33858.0,33814.0,33818.0,0.41115945
2023-10-26 21:37:00,33797.0,33812.0,33795.0,33812.0,0.19465699
2023-10-26 21:38:00,33832.0,33832.0,33832.0,33832.0,0.00768212
2023-10-26 21:39:00,33841.0,33850.0,33840.0,33843.0,0.80254104
2023-10-26 21:40:00,33850.0,33850.0,33816.0,33831.0,5.04215197
2023-10-26 21:41:00,33819.0,33854.0,33819.0,33847.0,0.26305504
2023-10-26 21:42:00,33855.0,33855.0,33853.0,33854.0,0.077638
2023-10-26 21:43:00,33852.0,33857.0,33845.0,33857.0,0.08572795
2023-10-26 21:44:00,33848.0,33848.0,33847.0,33847.0,0.25
2023-10-26 21:45:00,33856.0,33864.0,33856.0,33858.0,0.29287128
2023-10-26 21:46:00,33866.0,33883.0,33865.0,33883.0,0.26533519
2023-10-26 21:47:00,33883.0,33893.0,33881.0,33893.0,1.05569756
2023-10-26 21:48:00,33886.0,33893.0,33886.0,33893.0,0.08577
2023-10-26 21:49:00,33902.0,33915.0,33899.0,33915.0,0.50590827
2023-10-26 21:50:00,33911.0,33916.0,33911.0,33915.0,0.02139
2023-10-26 21:51:00,33912.0,33916.0,33894.0,33896.0,4.16144891
2023-10-26 21:52:00,33897.0,33897.0,33891.0,33897.0,0.1416169
2023-10-26 21:53:00,33901.0,33916.0,33899.0,33916.0,0.45726501
2023-10-26 21:54:00,33925.0,33925.0,33920.0,33920.0,0.87564492
2023-10-26 21:55:00,33920.0,33928.0,33912.0,33928.0,0.05013831
2023-10-26 21:56:00,33929.0,33930.0,33920.0,33920.0,0.80013867
2023-10-26 21:57:00,33928.0,33932.0,33921.0,33932.0,0.92646099
2023-10-26 21:58:00,33950.0,33969.0,33950.0,33956.0,2.82555595
2023-10-26 21:59:00,33961.0,33962.0,33952.0,33952.0,1.81717042
2023-10-26 22:00:00,33942.0,33942.0,33937.0,33938.0,0.03649
2023-10-26 22:01:00,33938.0,33949.0,33938.0,33949.0,2.02160864
2023-10-26 22:02:00,33964.0,33972.0,33961.0,33966.0,0.0796841
2023-10-26 22:03:00,33971.0,33980.0,33971.0,33980.0,3.00750858
2023-10-26 22:04:00,33990.0,33995.0,33988.0,33988.0,0.26579262
2023-10-26 22:05:00,34008.0,34008.0,33984.0,33984.0,0.27656995
2023-10-26 22:06:00,33958.0,33984.0,33950.0,33984.0,0.97781859
2023-10-26 22:07:00,33977.0,33990.0,33977.0,33989.0,0.93461366
2023-10-26 22:08:00,33985.0,33988.0,33970.0,33970.0,0.89434121
2023-10-26 22:09:00,33962.0,33966.0,33951.0,33957.0,2.93859829
2023-10-26 22:10:00,33957.0,33992.0,33957.0,33992.0,4.89328461
2023-10-26 22:11:00,33995.0,34010.0,33995.0,34002.0,5.93427123
2023-10-26 22:12:00,33995.0,34030.0,33995.0,34023.0,0.90085663
2023-10-26 22:13:00,34022.0,34039.0,34016.0,34031.0,2.52814561
2023-10-26 22:14:00,34031.0,34039.0,34027.0,34035.0,5.6667274
2023-10-26 22:15:00,34038.0,34038.0,34006.0,34006.0,29.61061922
2023-10-26 22:16:00,34005.0,34010.0,33991.0,33991.0,1.83034933
2023-10-26 22:17:00,33982.0,33991.0,33970.0,33989.0,0.28366241
2023-10-26 22:18:00,33999.0,34033.0,33995.0,34033.0,0.43973257
2023-10-26 22:19:00,34027.0,34027.0,33978.0,33978.0,0.03148
2023-10-26 22:20:00,33993.0,34029.0,33993.0,34029.0,0.04400027
2023-10-26 22:21:00,34018.0,34047.0,34018.0,34039.0,1.92960636
2023-10-26 22:22:00,34039.0,34046.0,34039.0,34039.0,0.01826454
2023-10-26 22:23:00,34045.0,34045.0,34026.0,34029.0,0.03078346
2023-10-26 22:24:00,34023.0,34024.0,34008.0,34008.0,0.04079465
2023-10-26 22:25:00,34007.0,34007.0,34005.0,34006.0,0.50784392
2023-10-26 22:26:00,34004.0,34039.0,34004.0,34039.0,0.20818045
2023-10-26 22:27:00,34023.0,34025.0,34001.0,34006.0,1.08257
2023-10-26 22:28:00,34010.0,34038.0,34002.0,34038.0,0.32589
2023-10-26 22:29:00,34028.0,34040.0,34027.0,34035.0,1.4122947
2023-10-26 22:30:00,34020.0,34020.0,34016.0,34020.0,0.34535755
2023-10-26 22:31:00,34040.0,34043.0,34040.0,34043.0,0.08108813
2023-10-26 22:32:00,34025.0,34043.0,34009.0,34043.0,0.58178454
2023-10-26 22:33:00,34047.0,34099.0,34047.0,34070.0,4.23052294
2023-10-26 22:34:00,34069.0,34082.0,34061.0,34061.0,0.66079768
2023-10-26 22:35:00,34060.0,34070.0,34044.0,34044.0,1.0726698
2023-10-26 22:36:00,34043.0,34055.0,34043.0,34049.0,0.59258516
2023-10-26 22:37:00,34047.0,34053.0,34030.0,34030.0,0.09566
2023-10-26 22:38:00,34030.0,34052.0,34030.0,34031.0,0.54749465
2023-10-26 22:39:00,34028.0,34028.0,34022.0,34027.0,0.88639356
2023-10-26 22:40:00,34007.0,34028.0,34004.0,34028.0,1.43293895
2023-10-26 22:41:00,34027.0,34050.0,34027.0,34050.0,0.01587696
2023-10-26 22:42:00,34051.0,34065.0,34051.0,34051.0,0.18673622
2023-10-26 22:43:00,34044.0,34044.0,34041.0,34041.0,0.56331864
2023-10-26 22:44:00,34035.0,34038.0,34020.0,34020.0,0.05886715
2023-10-26 22:45:00,34014.0,34034.0,34008.0,34018.0,2.48194388
2023-10-26 22:46:00,34033.0,34035.0,34011.0,34011.0,0.10066619
2023-10-26 22:47:00,34021.0,34032.0,34013.0,34020.0,0.97248173
2023-10-26 22:48:00,34011.0,34021.0,34010.0,34019.0,0.10504219
2023-10-26 22:49:00,33990.0,33995.0,33990.0,33994.0,0.01448252
2023-10-26 22:50:00,34003.0,34025.0,34003.0,34025.0,0.15773129
2023-10-26 22:51:00,34023.0,34025.0,34007.0,34007.0,0.02379659
2023-10-26 22:52:00,33988.0,33994.0,33981.0,33981.0,0.07371365
2023-10-26 22:53:00,33991.0,33991.0,33980.0,33980.0,0.03344883
2023-10-26 22:54:00,33982.0,33982.0,33980.0,33980.0,0.01435719
2023-10-26 22:55:00,33981.0,33994.0,33980.0,33994.0,0.02156051
2023-10-26 22:56:00,33998.0,34019.0,33983.0,33983.0,0.10417245
2023-10-26 22:57:00,33976.0,33985.0,33974.0,33977.0,0.02899504
2023-10-26 22:58:00,33970.0,33980.0,33970.0,33979.0,0.1058788
2023-10-26 22:59:00,33972.0,33979.0,33972.0,33979.0,0.02963468
2023-10-26 23:00:00,33974.0,33987.0,33970.0,33983.0,0.54640852
2023-10-26 23:01:00,33991.0,33991.0,33972.0,33974.0,0.36830057
2023-10-26 23:02:00,33974.0,33974.0,33969.0,33973.0,0.02883162
2023-10-26 23:03:00,33973.0,34020.0,33970.0,34020.0,6.92818027
2023-10-26 23:04:00,34032.0,34032.0,34026.0,34026.0,0.08461612
2023-10-26 23:05:00,34035.0,34085.0,34012.0,34050.0,0.47444076
2023-10-26 23:06:00,34023.0,34023.0,34008.0,34008.0,0.07116736
2023-10-26 23:07:00,34019.0,34031.0,34009.0,34031.0,0.09421373
2023-10-26 23:08:00,34032.0,34032.0,34011.0,34011.0,0.06750469
2023-10-26 23:09:00,34008.0,34008.0,34000.0,34000.0,1.00804627
2023-10-26 23:10:00,34007.0,34008.0,34007.0,34008.0,0.0348
2023-10-26 23:11:00,33997.0,33997.0,33970.0,33983.0,0.21503227
2023-10-26 23:12:00,33981.0,33981.0,33973.0,33978.0,0.00602479
2023-10-26 23:13:00,33983.0,33983.0,33980.0,33980.0,0.02936
2023-10-26 23:14:00,33988.0,33988.0,33975.0,33982.0,0.30439952
2023-10-26 23:15:00,33980.0,33980.0,33980.0,33980.0,0.03475955
2023-10-26 23:16:00,34009.0,34011.0,34000.0,34000.0,0.08758134
2023-10-26 23:17:00,34007.0,34009.0,33992.0,33992.0,0.04452246
2023-10-26 23:18:00,33989.0,33996.0,33989.0,33996.0,0.00622631
2023-10-26 23:19:00,33994.0,34001.0,33994.0,34001.0,0.03079263
2023-10-26 23:20:00,34007.0,34038.0,34007.0,34025.0,0.11991342
2023-10-26 23:21:00,34013.0,34013.0,33998.0,34001.0,0.5159423
2023-10-26 23:22:00,33998.0,33998.0,33985.0,33990.0,0.01389696
2023-10-26 23:23:00,33989.0,33989.0,33984.0,33984.0,0.00391639
2023-10-26 23:24:00,33956.0,33969.0,33947.0,33969.0,0.88057676
2023-10-26 23:25:00,33964.0,33975.0,33964.0,33975.0,0.02162
2023-10-26 23:26:00,33967.0,33997.0,33963.0,33997.0,2.32474781
2023-10-26 23:27:00,33986.0,33998.0,33986.0,33998.0,0.77403463
2023-10-26 23:28:00,33970.0,33970.0,33945.0,33953.0,0.23214864
2023-10-26 23:29:00,33957.0,33957.0,33949.0,33952.0,0.04092124
2023-10-26 23:30:00,33944.0,33952.0,33944.0,33947.0,0.28481837
2023-10-26 23:31:00,33955.0,33966.0,33951.0,33953.0,2.68203186
2023-10-26 23:32:00,33965.0,33965.0,33949.0,33949.0,0.09062701
2023-10-26 23:33:00,33947.0,33947.0,33919.0,33923.0,0.75124222
2023-10-26 23:34:00,33916.0,33938.0,33907.0,33938.0,3.16290648
2023-10-26 23:35:00,33949.0,33960.0,33929.0,33960.0,1.08259063
2023-10-26 23:36:00,33966.0,33971.0,33942.0,33948.0,0.15580747
2023-10-26 23:37:00,33951.0,33953.0,33945.0,33946.0,1.16545129
2023-10-26 23:38:00,33941.0,33941.0,33936.0,33936.0,0.16614503
2023-10-26 23:39:00,33946.0,33951.0,33933.0,33951.0,2.7229741
2023-10-26 23:40:00,33950.0,33952.0,33946.0,33950.0,1.21585636
2023-10-26 23:41:00,33948.0,33968.0,33948.0,33958.0,3.61744482
2023-10-26 23:42:00,33958.0,33971.0,33958.0,33971.0,2.57847918
2023-10-26 23:43:00,33973.0,33995.0,33971.0,33978.0,2.77557204
2023-10-26 23:44:00,33987.0,33994.0,33980.0,33980.0,0.09034216
2023-10-26 23:45:00,33990.0,33993.0,33988.0,33993.0,1.05461858
2023-10-26 23:46:00,33998.0,34014.0,33995.0,34014.0,1.24146006
2023-10-26 23:47:00,34009.0,34036.0,34009.0,34021.0,2.04520753
2023-10-26 23:48:00,34018.0,34031.0,34011.0,34012.0,3.1250197
2023-10-26 23:49:00,34014.0,34025.0,34011.0,34020.0,1.70062017
2023-10-26 23:50:00,34012.0,34032.0,34012.0,34032.0,2.17125722
2023-10-26 23:51:00,34029.0,34032.0,34011.0,34029.0,1.48096284
2023-10-26 23:52:00,34029.0,34033.0,34027.0,34032.0,2.38691
2023-10-26 23:53:00,34032.0,34047.0,34032.0,34043.0,0.1515648
2023-10-26 23:54:00,34058.0,34062.0,34046.0,34052.0,4.69803331
2023-10-26 23:55:00,34049.0,34064.0,34038.0,34064.0,2.55128571
2023-10-26 23:56:00,34060.0,34068.0,34047.0,34048.0,2.07864404
2023-10-26 23:57:00,34049.0,34053.0,34034.0,34034.0,1.95125593
2023-10-26 23:58:00,34036.0,34080.0,34022.0,34069.0,2.26184228
2023-10-26 23:59:00,34058.0,34140.0,34027.0,34068.0,5.55572745
2023-10-27 00:00:00,34035.0,34082.0,34035.0,34064.0,0.91645465
